[
    {
        "type": "message",
        "subtype": "file_share",
        "text": "<@U4SL0R6TV|paul-modran> uploaded a file: <https:\/\/remc17white.slack.com\/files\/paul-modran\/F4YAN9GFR\/_brexit-most_used_hashtags.txt|#brexit-most used hashtags.txt>",
        "file": {
            "id": "F4YAN9GFR",
            "created": 1491922155,
            "timestamp": 1491922155,
            "name": "#brexit-most used hashtags.txt",
            "title": "#brexit-most used hashtags.txt",
            "mimetype": "text\/plain",
            "filetype": "text",
            "pretty_type": "Plain Text",
            "user": "U4SL0R6TV",
            "editable": true,
            "size": 105,
            "mode": "snippet",
            "is_external": false,
            "external_type": "",
            "is_public": true,
            "public_url_shared": false,
            "display_as_bot": false,
            "username": "",
            "url_private": "https:\/\/files.slack.com\/files-pri\/T4S0WCDQ8-F4YAN9GFR\/_brexit-most_used_hashtags.txt?t=xoxe-162030421824-185382731222-185401705175-2e570a4850",
            "url_private_download": "https:\/\/files.slack.com\/files-pri\/T4S0WCDQ8-F4YAN9GFR\/download\/_brexit-most_used_hashtags.txt?t=xoxe-162030421824-185382731222-185401705175-2e570a4850",
            "permalink": "https:\/\/remc17white.slack.com\/files\/paul-modran\/F4YAN9GFR\/_brexit-most_used_hashtags.txt",
            "permalink_public": "https:\/\/slack-files.com\/T4S0WCDQ8-F4YAN9GFR-5d448aacf1",
            "edit_link": "https:\/\/remc17white.slack.com\/files\/paul-modran\/F4YAN9GFR\/_brexit-most_used_hashtags.txt\/edit",
            "preview": "#brexit\r\n\r\n#remain\r\n#uk\r\n#leaveEU\r",
            "preview_highlight": "<div class=\"CodeMirror cm-s-default CodeMirrorServer\" oncopy=\"if(event.clipboardData){event.clipboardData.setData('text\/plain',window.getSelection().toString().replace(\/\\u200b\/g,''));event.preventDefault();event.stopPropagation();}\">\n<div class=\"CodeMirror-code\">\n<div><pre>#brexit<\/pre><\/div>\n<div><pre><\/pre><\/div>\n<div><pre>#remain<\/pre><\/div>\n<div><pre>#uk<\/pre><\/div>\n<div><pre>#leaveEU<\/pre><\/div>\n<div><pre><\/pre><\/div>\n<\/div>\n<\/div>\n",
            "lines": 14,
            "lines_more": 9,
            "preview_is_truncated": false,
            "channels": [
                "C4TCA431C"
            ],
            "groups": [],
            "ims": [],
            "comments_count": 0
        },
        "user": "U4SL0R6TV",
        "upload": true,
        "display_as_bot": false,
        "username": "paul-modran",
        "bot_id": null,
        "ts": "1491922155.060489"
    },
    {
        "type": "message",
        "subtype": "file_share",
        "text": "<@U4SL0R6TV|paul-modran> uploaded a file: <https:\/\/remc17white.slack.com\/files\/paul-modran\/F4XKPUVS6\/_syria-most_used_hashtags.txt|#syria-most used hashtags.txt>",
        "file": {
            "id": "F4XKPUVS6",
            "created": 1491922157,
            "timestamp": 1491922157,
            "name": "#syria-most used hashtags.txt",
            "title": "#syria-most used hashtags.txt",
            "mimetype": "text\/plain",
            "filetype": "text",
            "pretty_type": "Plain Text",
            "user": "U4SL0R6TV",
            "editable": true,
            "size": 112,
            "mode": "snippet",
            "is_external": false,
            "external_type": "",
            "is_public": true,
            "public_url_shared": false,
            "display_as_bot": false,
            "username": "",
            "url_private": "https:\/\/files.slack.com\/files-pri\/T4S0WCDQ8-F4XKPUVS6\/_syria-most_used_hashtags.txt?t=xoxe-162030421824-185382731222-185401705175-2e570a4850",
            "url_private_download": "https:\/\/files.slack.com\/files-pri\/T4S0WCDQ8-F4XKPUVS6\/download\/_syria-most_used_hashtags.txt?t=xoxe-162030421824-185382731222-185401705175-2e570a4850",
            "permalink": "https:\/\/remc17white.slack.com\/files\/paul-modran\/F4XKPUVS6\/_syria-most_used_hashtags.txt",
            "permalink_public": "https:\/\/slack-files.com\/T4S0WCDQ8-F4XKPUVS6-5f63603936",
            "edit_link": "https:\/\/remc17white.slack.com\/files\/paul-modran\/F4XKPUVS6\/_syria-most_used_hashtags.txt\/edit",
            "preview": "#syria\r\n\r\n#isis\r\n#assad\r\n#russia\r",
            "preview_highlight": "<div class=\"CodeMirror cm-s-default CodeMirrorServer\" oncopy=\"if(event.clipboardData){event.clipboardData.setData('text\/plain',window.getSelection().toString().replace(\/\\u200b\/g,''));event.preventDefault();event.stopPropagation();}\">\n<div class=\"CodeMirror-code\">\n<div><pre>#syria<\/pre><\/div>\n<div><pre><\/pre><\/div>\n<div><pre>#isis<\/pre><\/div>\n<div><pre>#assad<\/pre><\/div>\n<div><pre>#russia<\/pre><\/div>\n<div><pre><\/pre><\/div>\n<\/div>\n<\/div>\n",
            "lines": 15,
            "lines_more": 10,
            "preview_is_truncated": false,
            "channels": [
                "C4TCA431C"
            ],
            "groups": [],
            "ims": [],
            "comments_count": 0
        },
        "user": "U4SL0R6TV",
        "upload": true,
        "display_as_bot": false,
        "username": "paul-modran",
        "bot_id": null,
        "ts": "1491922157.061943"
    },
    {
        "type": "message",
        "subtype": "file_share",
        "text": "<@U4SL0R6TV|paul-modran> uploaded a file: <https:\/\/remc17white.slack.com\/files\/paul-modran\/F4YAC204E\/_refugees-most_used_hashtags.txt|#refugees-most used hashtags.txt>",
        "file": {
            "id": "F4YAC204E",
            "created": 1491922159,
            "timestamp": 1491922159,
            "name": "#refugees-most used hashtags.txt",
            "title": "#refugees-most used hashtags.txt",
            "mimetype": "text\/plain",
            "filetype": "text",
            "pretty_type": "Plain Text",
            "user": "U4SL0R6TV",
            "editable": true,
            "size": 117,
            "mode": "snippet",
            "is_external": false,
            "external_type": "",
            "is_public": true,
            "public_url_shared": false,
            "display_as_bot": false,
            "username": "",
            "url_private": "https:\/\/files.slack.com\/files-pri\/T4S0WCDQ8-F4YAC204E\/_refugees-most_used_hashtags.txt?t=xoxe-162030421824-185382731222-185401705175-2e570a4850",
            "url_private_download": "https:\/\/files.slack.com\/files-pri\/T4S0WCDQ8-F4YAC204E\/download\/_refugees-most_used_hashtags.txt?t=xoxe-162030421824-185382731222-185401705175-2e570a4850",
            "permalink": "https:\/\/remc17white.slack.com\/files\/paul-modran\/F4YAC204E\/_refugees-most_used_hashtags.txt",
            "permalink_public": "https:\/\/slack-files.com\/T4S0WCDQ8-F4YAC204E-129f633a24",
            "edit_link": "https:\/\/remc17white.slack.com\/files\/paul-modran\/F4YAC204E\/_refugees-most_used_hashtags.txt\/edit",
            "preview": "#refugees\r\n\r\n#EU\r\n#migrants\r\n#refugeecrisis\r",
            "preview_highlight": "<div class=\"CodeMirror cm-s-default CodeMirrorServer\" oncopy=\"if(event.clipboardData){event.clipboardData.setData('text\/plain',window.getSelection().toString().replace(\/\\u200b\/g,''));event.preventDefault();event.stopPropagation();}\">\n<div class=\"CodeMirror-code\">\n<div><pre>#refugees<\/pre><\/div>\n<div><pre><\/pre><\/div>\n<div><pre>#EU<\/pre><\/div>\n<div><pre>#migrants<\/pre><\/div>\n<div><pre>#refugeecrisis<\/pre><\/div>\n<div><pre><\/pre><\/div>\n<\/div>\n<\/div>\n",
            "lines": 13,
            "lines_more": 8,
            "preview_is_truncated": false,
            "channels": [
                "C4TCA431C"
            ],
            "groups": [],
            "ims": [],
            "comments_count": 0
        },
        "user": "U4SL0R6TV",
        "upload": true,
        "display_as_bot": false,
        "username": "paul-modran",
        "bot_id": null,
        "ts": "1491922160.063347"
    },
    {
        "type": "message",
        "subtype": "file_share",
        "text": "<@U4TNKSGCE|bernardo_pereira> uploaded a file: <https:\/\/remc17white.slack.com\/files\/bernardo_pereira\/F4X032EBS\/Sentiment_Analysis_APIs.md|Sentiment Analysis APIs>",
        "file": {
            "id": "F4X032EBS",
            "created": 1491925295,
            "timestamp": 1491925295,
            "name": "Sentiment_Analysis_APIs.md",
            "title": "Sentiment Analysis APIs",
            "mimetype": "text\/plain",
            "filetype": "markdown",
            "pretty_type": "Markdown (raw)",
            "user": "U4TNKSGCE",
            "editable": true,
            "size": 703,
            "mode": "snippet",
            "is_external": false,
            "external_type": "",
            "is_public": true,
            "public_url_shared": false,
            "display_as_bot": false,
            "username": "",
            "url_private": "https:\/\/files.slack.com\/files-pri\/T4S0WCDQ8-F4X032EBS\/Sentiment_Analysis_APIs.md?t=xoxe-162030421824-185382731222-185401705175-2e570a4850",
            "url_private_download": "https:\/\/files.slack.com\/files-pri\/T4S0WCDQ8-F4X032EBS\/download\/Sentiment_Analysis_APIs.md?t=xoxe-162030421824-185382731222-185401705175-2e570a4850",
            "permalink": "https:\/\/remc17white.slack.com\/files\/bernardo_pereira\/F4X032EBS\/Sentiment_Analysis_APIs.md",
            "permalink_public": "https:\/\/slack-files.com\/T4S0WCDQ8-F4X032EBS-4cf9f93d03",
            "edit_link": "https:\/\/remc17white.slack.com\/files\/bernardo_pereira\/F4X032EBS\/Sentiment_Analysis_APIs.md\/edit",
            "preview": "Sentiment Analysis APIs\r\n--------------------------\r\n\r\n# Sentigem\r\n\r",
            "preview_highlight": "<div class=\"CodeMirror cm-s-default CodeMirrorServer\" oncopy=\"if(event.clipboardData){event.clipboardData.setData('text\/plain',window.getSelection().toString().replace(\/\\u200b\/g,''));event.preventDefault();event.stopPropagation();}\">\n<div class=\"CodeMirror-code\">\n<div><pre>Sentiment Analysis APIs<\/pre><\/div>\n<div><pre><span class=\"cm-header cm-header-2\">--------------------------<\/span><\/pre><\/div>\n<div><pre>&#8203;<\/pre><\/div>\n<div><pre><span class=\"cm-header cm-header-1\"># <\/span><span class=\"cm-header cm-header-1\">Sentigem<\/span><\/pre><\/div>\n<div><pre>&#8203;<\/pre><\/div>\n<\/div>\n<\/div>\n",
            "lines": 31,
            "lines_more": 26,
            "preview_is_truncated": false,
            "channels": [
                "C4TCA431C"
            ],
            "groups": [],
            "ims": [],
            "comments_count": 0
        },
        "user": "U4TNKSGCE",
        "upload": true,
        "display_as_bot": false,
        "username": "bernardo_pereira",
        "bot_id": null,
        "ts": "1491925296.934952"
    },
    {
        "type": "message",
        "user": "U4S3THCBB",
        "text": "Another sentiment api I have found, which doesn't seem to have any restrictions <https:\/\/www.meaningcloud.com\/>",
        "attachments": [
            {
                "service_name": "MeaningCloud",
                "title": "Text Analytics – MeaningCloud text mining solutions",
                "title_link": "https:\/\/www.meaningcloud.com\/",
                "text": "TEXT ANALYTICS. MeaningCloud market-leading solutions for text mining and voice of the customer. Register now on our website to discover our text API",
                "fallback": "MeaningCloud: Text Analytics – MeaningCloud text mining solutions",
                "from_url": "https:\/\/www.meaningcloud.com\/",
                "service_icon": "https:\/\/www.meaningcloud.com\/wp-content\/themes\/textalytics\/img_compressed\/favicon.ico",
                "id": 1
            }
        ],
        "ts": "1491925787.220098"
    },
    {
        "type": "message",
        "user": "U4S3THCBB",
        "text": "sorry wrong link <http:\/\/sentiment.vivekn.com\/>",
        "ts": "1491925802.228834"
    },
    {
        "type": "message",
        "user": "U4S3THCBB",
        "text": "Youtube Sample Project <https:\/\/drive.google.com\/drive\/folders\/0B4QHeQ0fZfKIeDAxMHU1NEV1cVU>",
        "ts": "1491927469.165390"
    },
    {
        "type": "message",
        "user": "U4S3THCBB",
        "text": "We have 1136 comments from the youtube api from the first 50 videos (per video maximum of 100 comments) when you type brexit. I think it is enough data for one social platform right?",
        "ts": "1491975890.534962"
    }
]