[
    {
        "type": "message",
        "user": "U4SL0R6TV",
        "text": "this is very good. thanks bernardo_pereira",
        "ts": "1493133301.324088"
    },
    {
        "type": "message",
        "subtype": "file_share",
        "text": "<@U4VENVB4Y|sandudiana5> uploaded a file: <https:\/\/remc17white.slack.com\/files\/sandudiana5\/F5491C0DR\/tweetsanalytics-master.zip|tweetsAnalytics-master.zip> and commented: project with tweets without URLs and hashtags",
        "file": {
            "id": "F5491C0DR",
            "created": 1493145937,
            "timestamp": 1493145937,
            "name": "tweetsAnalytics-master.zip",
            "title": "tweetsAnalytics-master.zip",
            "mimetype": "application\/zip",
            "filetype": "zip",
            "pretty_type": "Zip",
            "user": "U4VENVB4Y",
            "editable": false,
            "size": 4311079,
            "mode": "hosted",
            "is_external": false,
            "external_type": "",
            "is_public": true,
            "public_url_shared": false,
            "display_as_bot": false,
            "username": "",
            "url_private": "https:\/\/files.slack.com\/files-pri\/T4S0WCDQ8-F5491C0DR\/tweetsanalytics-master.zip?t=xoxe-162030421824-185382731222-185401705175-2e570a4850",
            "url_private_download": "https:\/\/files.slack.com\/files-pri\/T4S0WCDQ8-F5491C0DR\/download\/tweetsanalytics-master.zip?t=xoxe-162030421824-185382731222-185401705175-2e570a4850",
            "permalink": "https:\/\/remc17white.slack.com\/files\/sandudiana5\/F5491C0DR\/tweetsanalytics-master.zip",
            "permalink_public": "https:\/\/slack-files.com\/T4S0WCDQ8-F5491C0DR-66e9285d4d",
            "channels": [
                "C4TCA431C"
            ],
            "groups": [],
            "ims": [],
            "comments_count": 1,
            "initial_comment": {
                "id": "Fc5491C8AF",
                "created": 1493145937,
                "timestamp": 1493145937,
                "user": "U4VENVB4Y",
                "is_intro": true,
                "comment": "project with tweets without URLs and hashtags"
            }
        },
        "user": "U4VENVB4Y",
        "upload": true,
        "display_as_bot": false,
        "username": "sandudiana5",
        "bot_id": null,
        "ts": "1493145938.428788"
    }
]