[
    {
        "type": "message",
        "subtype": "file_share",
        "text": "<@U4SNUDGMS|lupu60> uploaded a file: <https:\/\/remc17white.slack.com\/files\/lupu60\/F54R9H24C\/2017-04-26_15_26_39-localhost_3000.png|2017-04-26 15_26_39-localhost_3000.png>",
        "file": {
            "id": "F54R9H24C",
            "created": 1493213220,
            "timestamp": 1493213220,
            "name": "2017-04-26 15_26_39-localhost_3000.png",
            "title": "2017-04-26 15_26_39-localhost_3000.png",
            "mimetype": "image\/png",
            "filetype": "png",
            "pretty_type": "PNG",
            "user": "U4SNUDGMS",
            "editable": false,
            "size": 41352,
            "mode": "hosted",
            "is_external": false,
            "external_type": "",
            "is_public": true,
            "public_url_shared": false,
            "display_as_bot": false,
            "username": "",
            "url_private": "https:\/\/files.slack.com\/files-pri\/T4S0WCDQ8-F54R9H24C\/2017-04-26_15_26_39-localhost_3000.png?t=xoxe-162030421824-185382731222-185401705175-2e570a4850",
            "url_private_download": "https:\/\/files.slack.com\/files-pri\/T4S0WCDQ8-F54R9H24C\/download\/2017-04-26_15_26_39-localhost_3000.png?t=xoxe-162030421824-185382731222-185401705175-2e570a4850",
            "thumb_64": "https:\/\/files.slack.com\/files-tmb\/T4S0WCDQ8-F54R9H24C-d091618dbe\/2017-04-26_15_26_39-localhost_3000_64.png?t=xoxe-162030421824-185382731222-185401705175-2e570a4850",
            "thumb_80": "https:\/\/files.slack.com\/files-tmb\/T4S0WCDQ8-F54R9H24C-d091618dbe\/2017-04-26_15_26_39-localhost_3000_80.png?t=xoxe-162030421824-185382731222-185401705175-2e570a4850",
            "thumb_360": "https:\/\/files.slack.com\/files-tmb\/T4S0WCDQ8-F54R9H24C-d091618dbe\/2017-04-26_15_26_39-localhost_3000_360.png?t=xoxe-162030421824-185382731222-185401705175-2e570a4850",
            "thumb_360_w": 360,
            "thumb_360_h": 191,
            "thumb_480": "https:\/\/files.slack.com\/files-tmb\/T4S0WCDQ8-F54R9H24C-d091618dbe\/2017-04-26_15_26_39-localhost_3000_480.png?t=xoxe-162030421824-185382731222-185401705175-2e570a4850",
            "thumb_480_w": 480,
            "thumb_480_h": 255,
            "thumb_160": "https:\/\/files.slack.com\/files-tmb\/T4S0WCDQ8-F54R9H24C-d091618dbe\/2017-04-26_15_26_39-localhost_3000_160.png?t=xoxe-162030421824-185382731222-185401705175-2e570a4850",
            "thumb_720": "https:\/\/files.slack.com\/files-tmb\/T4S0WCDQ8-F54R9H24C-d091618dbe\/2017-04-26_15_26_39-localhost_3000_720.png?t=xoxe-162030421824-185382731222-185401705175-2e570a4850",
            "thumb_720_w": 720,
            "thumb_720_h": 382,
            "thumb_800": "https:\/\/files.slack.com\/files-tmb\/T4S0WCDQ8-F54R9H24C-d091618dbe\/2017-04-26_15_26_39-localhost_3000_800.png?t=xoxe-162030421824-185382731222-185401705175-2e570a4850",
            "thumb_800_w": 800,
            "thumb_800_h": 425,
            "thumb_960": "https:\/\/files.slack.com\/files-tmb\/T4S0WCDQ8-F54R9H24C-d091618dbe\/2017-04-26_15_26_39-localhost_3000_960.png?t=xoxe-162030421824-185382731222-185401705175-2e570a4850",
            "thumb_960_w": 960,
            "thumb_960_h": 510,
            "thumb_1024": "https:\/\/files.slack.com\/files-tmb\/T4S0WCDQ8-F54R9H24C-d091618dbe\/2017-04-26_15_26_39-localhost_3000_1024.png?t=xoxe-162030421824-185382731222-185401705175-2e570a4850",
            "thumb_1024_w": 1024,
            "thumb_1024_h": 544,
            "image_exif_rotation": 1,
            "original_w": 1335,
            "original_h": 709,
            "permalink": "https:\/\/remc17white.slack.com\/files\/lupu60\/F54R9H24C\/2017-04-26_15_26_39-localhost_3000.png",
            "permalink_public": "https:\/\/slack-files.com\/T4S0WCDQ8-F54R9H24C-a810987cc1",
            "channels": [
                "C4TCA431C"
            ],
            "groups": [],
            "ims": [],
            "comments_count": 0
        },
        "user": "U4SNUDGMS",
        "upload": true,
        "display_as_bot": false,
        "username": "lupu60",
        "bot_id": null,
        "ts": "1493213224.575034"
    },
    {
        "type": "message",
        "user": "U4SNUDGMS",
        "text": "ok",
        "ts": "1493213785.867615"
    },
    {
        "type": "message",
        "user": "U4SNUDGMS",
        "text": "so now the result are much more nice",
        "ts": "1493213797.873860"
    },
    {
        "type": "message",
        "user": "U4S3THCBB",
        "text": "Oh yes it looks really good",
        "ts": "1493215833.014634"
    },
    {
        "type": "message",
        "user": "U4TKAE4CW",
        "text": "Yes i guess removing url worked",
        "ts": "1493247961.618108"
    }
]