[
    {
        "type": "message",
        "user": "U4TNKSGCE",
        "text": "Hello everyone. Is every thing ready for our last meeting today at  4p.m in Germany and 5 p.m Romania?",
        "ts": "1494595996.408600"
    },
    {
        "type": "message",
        "user": "U4TNKSGCE",
        "text": ":slightly_smiling_face:",
        "ts": "1494596016.417784"
    },
    {
        "type": "message",
        "user": "U4S3THCBB",
        "text": "Yes :slightly_smiling_face: ",
        "ts": "1494596394.599816"
    },
    {
        "type": "message",
        "user": "U4SL0R6TV",
        "text": "Yea sure ",
        "ts": "1494596396.600686"
    },
    {
        "type": "message",
        "user": "U4TNKSGCE",
        "text": "Cool",
        "ts": "1494596514.658394"
    },
    {
        "type": "message",
        "user": "U4SL0R6TV",
        "text": "I will be on skype in 3 minutes. Sorry for being late again :(",
        "ts": "1494598038.464637"
    },
    {
        "type": "message",
        "user": "U4TNKSGCE",
        "text": "Ok :wink:",
        "ts": "1494598047.469259"
    },
    {
        "type": "message",
        "user": "U4SNUDGMS",
        "text": ":100::confetti_ball::tada:",
        "ts": "1494599786.438138"
    },
    {
        "type": "message",
        "user": "U4TNKSGCE",
        "text": "Benjamin, I forgot to say: you're the scribe for today :stuck_out_tongue:",
        "ts": "1494600246.698734"
    },
    {
        "type": "message",
        "user": "U4TNKSGCE",
        "text": "<@U4S3THCBB> I forgot to say: you're the scribe for today :stuck_out_tongue:",
        "ts": "1494600258.705436"
    },
    {
        "type": "message",
        "user": "U4S3THCBB",
        "text": "Oh ok alright:+1: ",
        "ts": "1494600345.755427"
    },
    {
        "type": "message",
        "user": "U4TNKSGCE",
        "text": "Guys, email sent :smile:",
        "ts": "1494601758.584472"
    },
    {
        "type": "message",
        "user": "U4S3THCBB",
        "text": "Thanks <@U4TNKSGCE> ",
        "ts": "1494601823.621141"
    }
]