[
    {
        "user": "U4SNUDGMS",
        "text": "<@U4SNUDGMS|lupu60> has joined the channel",
        "type": "message",
        "subtype": "channel_join",
        "ts": "1490971009.733836"
    },
    {
        "user": "U4SL0R6TV",
        "text": "<@U4SL0R6TV|paul-modran> has joined the channel",
        "type": "message",
        "subtype": "channel_join",
        "ts": "1490972007.280894"
    },
    {
        "type": "message",
        "user": "U4SNUDGMS",
        "text": "Hello",
        "ts": "1490972022.289357"
    },
    {
        "type": "message",
        "user": "U4SNUDGMS",
        "text": "all",
        "ts": "1490972024.290095"
    },
    {
        "user": "U4S3THCBB",
        "text": "<@U4S3THCBB|benjamin> has joined the channel",
        "type": "message",
        "subtype": "channel_join",
        "ts": "1490977040.032970"
    },
    {
        "type": "message",
        "user": "U4SNUDGMS",
        "text": "Hi all, so the facebook app is : <https:\/\/stalkscan.com\/>",
        "attachments": [
            {
                "title": "Facebook Scanner - All 'public' info Facebook doesn't show you",
                "title_link": "https:\/\/stalkscan.com\/",
                "text": "The #1 stalking tool - 100% free and anonymous!",
                "fallback": "Facebook Scanner - All 'public' info Facebook doesn't show you",
                "image_url": "http:\/\/stalkscan.com\/social_en.jpg",
                "image_width": 476,
                "image_height": 250,
                "from_url": "https:\/\/stalkscan.com\/",
                "image_bytes": 88428,
                "service_icon": "https:\/\/stalkscan.com\/favicon.ico",
                "service_name": "stalkscan.com",
                "id": 1
            }
        ],
        "ts": "1490989446.076535"
    },
    {
        "type": "message",
        "user": "U4S3THCBB",
        "text": "Hi all, interesting facebook app... in order to get the information of a profile, we need to be friends or to be allowed to see the content of the profile right?",
        "ts": "1490990266.437954"
    },
    {
        "type": "message",
        "user": "U4SNUDGMS",
        "text": "depends",
        "ts": "1490990298.452502"
    },
    {
        "type": "message",
        "user": "U4SNUDGMS",
        "text": "of the type of the post",
        "ts": "1490990319.461948"
    },
    {
        "user": "U4TKAE4CW",
        "text": "<@U4TKAE4CW|juni> has joined the channel",
        "type": "message",
        "subtype": "channel_join",
        "ts": "1490994039.060692"
    }
]