[
    {
        "type": "message",
        "user": "U4SNUDGMS",
        "text": "Hi al",
        "ts": "1492965113.500484"
    },
    {
        "type": "message",
        "user": "U4SNUDGMS",
        "text": "<https:\/\/github.com\/lupu60\/tweetsAnalytics>",
        "attachments": [
            {
                "service_name": "GitHub",
                "title": "lupu60\/tweetsAnalytics",
                "title_link": "https:\/\/github.com\/lupu60\/tweetsAnalytics",
                "text": "Contribute to tweetsAnalytics development by creating an account on GitHub.",
                "fallback": "GitHub: lupu60\/tweetsAnalytics",
                "from_url": "https:\/\/github.com\/lupu60\/tweetsAnalytics",
                "thumb_url": "https:\/\/avatars2.githubusercontent.com\/u\/5337610?v=3&s=400",
                "thumb_width": 250,
                "thumb_height": 250,
                "service_icon": "https:\/\/a.slack-edge.com\/bfaba\/img\/unfurl_icons\/github.png",
                "id": 1
            }
        ],
        "ts": "1492965115.500618"
    },
    {
        "type": "message",
        "subtype": "file_share",
        "text": "<@U4SNUDGMS|lupu60> uploaded a file: <https:\/\/remc17white.slack.com\/files\/lupu60\/F541JTWBH\/2017-04-23_18_28_32-localhost_3000.png|2017-04-23 18_28_32-localhost_3000.png>",
        "file": {
            "id": "F541JTWBH",
            "created": 1492965128,
            "timestamp": 1492965128,
            "name": "2017-04-23 18_28_32-localhost_3000.png",
            "title": "2017-04-23 18_28_32-localhost_3000.png",
            "mimetype": "image\/png",
            "filetype": "png",
            "pretty_type": "PNG",
            "user": "U4SNUDGMS",
            "editable": false,
            "size": 34921,
            "mode": "hosted",
            "is_external": false,
            "external_type": "",
            "is_public": true,
            "public_url_shared": false,
            "display_as_bot": false,
            "username": "",
            "url_private": "https:\/\/files.slack.com\/files-pri\/T4S0WCDQ8-F541JTWBH\/2017-04-23_18_28_32-localhost_3000.png?t=xoxe-162030421824-185382731222-185401705175-2e570a4850",
            "url_private_download": "https:\/\/files.slack.com\/files-pri\/T4S0WCDQ8-F541JTWBH\/download\/2017-04-23_18_28_32-localhost_3000.png?t=xoxe-162030421824-185382731222-185401705175-2e570a4850",
            "thumb_64": "https:\/\/files.slack.com\/files-tmb\/T4S0WCDQ8-F541JTWBH-e824364280\/2017-04-23_18_28_32-localhost_3000_64.png?t=xoxe-162030421824-185382731222-185401705175-2e570a4850",
            "thumb_80": "https:\/\/files.slack.com\/files-tmb\/T4S0WCDQ8-F541JTWBH-e824364280\/2017-04-23_18_28_32-localhost_3000_80.png?t=xoxe-162030421824-185382731222-185401705175-2e570a4850",
            "thumb_360": "https:\/\/files.slack.com\/files-tmb\/T4S0WCDQ8-F541JTWBH-e824364280\/2017-04-23_18_28_32-localhost_3000_360.png?t=xoxe-162030421824-185382731222-185401705175-2e570a4850",
            "thumb_360_w": 360,
            "thumb_360_h": 202,
            "thumb_480": "https:\/\/files.slack.com\/files-tmb\/T4S0WCDQ8-F541JTWBH-e824364280\/2017-04-23_18_28_32-localhost_3000_480.png?t=xoxe-162030421824-185382731222-185401705175-2e570a4850",
            "thumb_480_w": 480,
            "thumb_480_h": 269,
            "thumb_160": "https:\/\/files.slack.com\/files-tmb\/T4S0WCDQ8-F541JTWBH-e824364280\/2017-04-23_18_28_32-localhost_3000_160.png?t=xoxe-162030421824-185382731222-185401705175-2e570a4850",
            "thumb_720": "https:\/\/files.slack.com\/files-tmb\/T4S0WCDQ8-F541JTWBH-e824364280\/2017-04-23_18_28_32-localhost_3000_720.png?t=xoxe-162030421824-185382731222-185401705175-2e570a4850",
            "thumb_720_w": 720,
            "thumb_720_h": 403,
            "thumb_800": "https:\/\/files.slack.com\/files-tmb\/T4S0WCDQ8-F541JTWBH-e824364280\/2017-04-23_18_28_32-localhost_3000_800.png?t=xoxe-162030421824-185382731222-185401705175-2e570a4850",
            "thumb_800_w": 800,
            "thumb_800_h": 448,
            "thumb_960": "https:\/\/files.slack.com\/files-tmb\/T4S0WCDQ8-F541JTWBH-e824364280\/2017-04-23_18_28_32-localhost_3000_960.png?t=xoxe-162030421824-185382731222-185401705175-2e570a4850",
            "thumb_960_w": 960,
            "thumb_960_h": 538,
            "thumb_1024": "https:\/\/files.slack.com\/files-tmb\/T4S0WCDQ8-F541JTWBH-e824364280\/2017-04-23_18_28_32-localhost_3000_1024.png?t=xoxe-162030421824-185382731222-185401705175-2e570a4850",
            "thumb_1024_w": 1024,
            "thumb_1024_h": 574,
            "image_exif_rotation": 1,
            "original_w": 1358,
            "original_h": 761,
            "permalink": "https:\/\/remc17white.slack.com\/files\/lupu60\/F541JTWBH\/2017-04-23_18_28_32-localhost_3000.png",
            "permalink_public": "https:\/\/slack-files.com\/T4S0WCDQ8-F541JTWBH-ee8c740492",
            "channels": [
                "C4TCA431C"
            ],
            "groups": [],
            "ims": [],
            "comments_count": 0
        },
        "user": "U4SNUDGMS",
        "upload": true,
        "display_as_bot": false,
        "username": "lupu60",
        "bot_id": null,
        "ts": "1492965131.501874"
    }
]