[
    {
        "type": "message",
        "user": "U4SL0R6TV",
        "text": "Hey guys ",
        "ts": "1491569505.780627"
    },
    {
        "type": "message",
        "user": "U4SNUDGMS",
        "text": "Hey",
        "ts": "1491569519.785719"
    },
    {
        "type": "message",
        "user": "U4SL0R6TV",
        "text": "Did anyone create the doc for the final report on google docs?",
        "ts": "1491569544.794731"
    },
    {
        "type": "message",
        "user": "U4SL0R6TV",
        "text": "If so can you give the link ?",
        "ts": "1491569556.799377"
    },
    {
        "type": "message",
        "user": "U4SNUDGMS",
        "text": "Hmm i don`t know",
        "ts": "1491569563.802032"
    },
    {
        "type": "message",
        "user": "U4SL0R6TV",
        "text": "If not, should i create it?",
        "ts": "1491569567.803504"
    },
    {
        "type": "message",
        "user": "U4SNUDGMS",
        "text": "when is the next meeting",
        "ts": "1491569615.820883"
    },
    {
        "type": "message",
        "user": "U4SNUDGMS",
        "text": "?",
        "ts": "1491569615.820884"
    },
    {
        "type": "message",
        "user": "U4SL0R6TV",
        "text": "4pm de",
        "ts": "1491569647.832432"
    },
    {
        "type": "message",
        "user": "U4SL0R6TV",
        "text": "5pm ro ",
        "ts": "1491569651.833652"
    },
    {
        "type": "message",
        "user": "U4SNUDGMS",
        "text": "today?",
        "ts": "1491569658.836674"
    },
    {
        "type": "message",
        "user": "U4SL0R6TV",
        "text": "From what i know",
        "ts": "1491569658.836804"
    },
    {
        "type": "message",
        "user": "U4SL0R6TV",
        "text": "Yes",
        "ts": "1491569661.837786"
    },
    {
        "type": "message",
        "user": "U4SNUDGMS",
        "text": "pfff",
        "ts": "1491569665.839257"
    },
    {
        "type": "message",
        "user": "U4SNUDGMS",
        "text": "so i`m at work",
        "ts": "1491569679.844233"
    },
    {
        "type": "message",
        "user": "U4SNUDGMS",
        "text": "i don`t know i can join",
        "ts": "1491569686.847053"
    },
    {
        "type": "message",
        "user": "U4SNUDGMS",
        "text": "i will try, to join if i`m not in a meeting",
        "ts": "1491570136.023982"
    },
    {
        "type": "message",
        "user": "U4TNKSGCE",
        "text": "Hi guys. Here you can find the template for the paper",
        "ts": "1491573230.422475"
    },
    {
        "type": "message",
        "user": "U4TNKSGCE",
        "text": "<https:\/\/drive.google.com\/drive\/folders\/0B-n1B4S07xcTUFVQaEVDV0x2dFU?usp=sharing>",
        "ts": "1491573244.429166"
    },
    {
        "type": "message",
        "user": "U4TNKSGCE",
        "text": "It's inside a google drive folder",
        "ts": "1491573256.434577"
    },
    {
        "type": "message",
        "user": "U4TNKSGCE",
        "text": "The template is this  SIGCHI one, which was required by the subject's syllabus",
        "ts": "1491573325.471104"
    },
    {
        "type": "message",
        "user": "U4TKAE4CW",
        "text": "Thanks <@U4TNKSGCE>",
        "ts": "1491573557.590420"
    },
    {
        "type": "message",
        "user": "U4TNKSGCE",
        "text": ":smile:",
        "ts": "1491573616.623447"
    },
    {
        "type": "message",
        "user": "U4SL0R6TV",
        "text": "Ok. Thx. ",
        "ts": "1491573687.663720"
    },
    {
        "type": "message",
        "user": "U4SL0R6TV",
        "text": "Are you guys on skype?",
        "ts": "1491573695.667783"
    },
    {
        "type": "message",
        "user": "U4SL0R6TV",
        "text": "Should we start the meeting ?",
        "ts": "1491573703.672218"
    },
    {
        "type": "message",
        "user": "U4TKAE4CW",
        "text": "Yes we are on skype",
        "ts": "1491573713.677292"
    },
    {
        "type": "message",
        "user": "U4SNUDGMS",
        "text": "hey guys",
        "ts": "1491573899.774046"
    },
    {
        "type": "message",
        "user": "U4SNUDGMS",
        "text": "im online on skype",
        "ts": "1491573906.777564"
    },
    {
        "type": "message",
        "user": "U4SNUDGMS",
        "text": "please add me in the meeting\\",
        "ts": "1491573919.784171"
    },
    {
        "user": "U4VENVB4Y",
        "text": "<@U4VENVB4Y|sandudiana5> has joined the channel",
        "type": "message",
        "subtype": "channel_join",
        "ts": "1491579210.673640"
    },
    {
        "type": "message",
        "user": "U4TNKSGCE",
        "text": "Links from meeting #3 07.07 (Friday)",
        "ts": "1491579266.704212"
    },
    {
        "type": "message",
        "user": "U4TNKSGCE",
        "text": "<http:\/\/text-processing.com\/demo\/sentiment\/>\n  <http:\/\/text-processing.com\/docs\/sentiment.html>\n  <https:\/\/developers.google.com\/youtube\/v3\/getting-started>\n  <http:\/\/help.sentiment140.com\/api>\n  <https:\/\/www.csc2.ncsu.edu\/faculty\/healey\/tweet_viz\/tweet_app\/>",
        "attachments": [
            {
                "title": " Python NLTK Sentiment Analysis with Text Classification Demo ",
                "title_link": "http:\/\/text-processing.com\/demo\/sentiment\/",
                "text": "Python sentiment analysis using NLTK text classification with naive bayes classifiers and maximum entropy classififiers.",
                "fallback": " Python NLTK Sentiment Analysis with Text Classification Demo ",
                "from_url": "http:\/\/text-processing.com\/demo\/sentiment\/",
                "service_icon": "http:\/\/text-processing.com\/favicon.ico",
                "service_name": "text-processing.com",
                "id": 1
            },
            {
                "title": "API - Sentiment140 - A Twitter Sentiment Analysis Tool",
                "title_link": "http:\/\/help.sentiment140.com\/api",
                "fallback": "API - Sentiment140 - A Twitter Sentiment Analysis Tool",
                "image_url": "http:\/\/help.sentiment140.com\/_\/rsrc\/1472844971973\/config\/customLogo.gif?revision=2",
                "from_url": "http:\/\/help.sentiment140.com\/api",
                "image_width": 231,
                "image_height": 28,
                "image_bytes": 1745,
                "service_icon": "http:\/\/www.gstatic.com\/sites\/p\/2c8270\/system\/app\/images\/apple-touch-icon.png",
                "service_name": "help.sentiment140.com",
                "id": 2
            }
        ],
        "ts": "1491579268.705069"
    },
    {
        "type": "message",
        "user": "U4SL0R6TV",
        "text": "Who was the scribe today ?",
        "ts": "1491579647.907053"
    },
    {
        "type": "message",
        "user": "U4SL0R6TV",
        "text": "So i cam complete the document ",
        "ts": "1491579654.910968"
    },
    {
        "type": "message",
        "user": "U4SL0R6TV",
        "text": "Can*",
        "ts": "1491579658.912879"
    },
    {
        "type": "message",
        "user": "U4S3THCBB",
        "text": "I was the scribe",
        "ts": "1491579699.934589"
    },
    {
        "type": "message",
        "user": "U4S3THCBB",
        "text": "Thanks",
        "ts": "1491579703.937146"
    },
    {
        "type": "message",
        "user": "U4SL0R6TV",
        "text": ":+1::skin-tone-2: ",
        "ts": "1491579777.976820"
    }
]