[
    {
        "type": "message",
        "user": "U4SNUDGMS",
        "text": "hi <!everyone>  so I fish the small app for tw this are the results",
        "ts": "1494231651.724638"
    },
    {
        "type": "message",
        "subtype": "file_share",
        "text": "<@U4SNUDGMS|lupu60> uploaded a file: <https:\/\/remc17white.slack.com\/files\/lupu60\/F5A1QJ6SW\/2017-05-08_10_18_57-localhost_3000.png|2017-05-08 10_18_57-localhost_3000.png>",
        "file": {
            "id": "F5A1QJ6SW",
            "created": 1494231663,
            "timestamp": 1494231663,
            "name": "2017-05-08 10_18_57-localhost_3000.png",
            "title": "2017-05-08 10_18_57-localhost_3000.png",
            "mimetype": "image\/png",
            "filetype": "png",
            "pretty_type": "PNG",
            "user": "U4SNUDGMS",
            "editable": false,
            "size": 54484,
            "mode": "hosted",
            "is_external": false,
            "external_type": "",
            "is_public": true,
            "public_url_shared": false,
            "display_as_bot": false,
            "username": "",
            "url_private": "https:\/\/files.slack.com\/files-pri\/T4S0WCDQ8-F5A1QJ6SW\/2017-05-08_10_18_57-localhost_3000.png?t=xoxe-162030421824-185382731222-185401705175-2e570a4850",
            "url_private_download": "https:\/\/files.slack.com\/files-pri\/T4S0WCDQ8-F5A1QJ6SW\/download\/2017-05-08_10_18_57-localhost_3000.png?t=xoxe-162030421824-185382731222-185401705175-2e570a4850",
            "thumb_64": "https:\/\/files.slack.com\/files-tmb\/T4S0WCDQ8-F5A1QJ6SW-dd9d091fa3\/2017-05-08_10_18_57-localhost_3000_64.png?t=xoxe-162030421824-185382731222-185401705175-2e570a4850",
            "thumb_80": "https:\/\/files.slack.com\/files-tmb\/T4S0WCDQ8-F5A1QJ6SW-dd9d091fa3\/2017-05-08_10_18_57-localhost_3000_80.png?t=xoxe-162030421824-185382731222-185401705175-2e570a4850",
            "thumb_360": "https:\/\/files.slack.com\/files-tmb\/T4S0WCDQ8-F5A1QJ6SW-dd9d091fa3\/2017-05-08_10_18_57-localhost_3000_360.png?t=xoxe-162030421824-185382731222-185401705175-2e570a4850",
            "thumb_360_w": 360,
            "thumb_360_h": 166,
            "thumb_480": "https:\/\/files.slack.com\/files-tmb\/T4S0WCDQ8-F5A1QJ6SW-dd9d091fa3\/2017-05-08_10_18_57-localhost_3000_480.png?t=xoxe-162030421824-185382731222-185401705175-2e570a4850",
            "thumb_480_w": 480,
            "thumb_480_h": 222,
            "thumb_160": "https:\/\/files.slack.com\/files-tmb\/T4S0WCDQ8-F5A1QJ6SW-dd9d091fa3\/2017-05-08_10_18_57-localhost_3000_160.png?t=xoxe-162030421824-185382731222-185401705175-2e570a4850",
            "thumb_720": "https:\/\/files.slack.com\/files-tmb\/T4S0WCDQ8-F5A1QJ6SW-dd9d091fa3\/2017-05-08_10_18_57-localhost_3000_720.png?t=xoxe-162030421824-185382731222-185401705175-2e570a4850",
            "thumb_720_w": 720,
            "thumb_720_h": 333,
            "thumb_800": "https:\/\/files.slack.com\/files-tmb\/T4S0WCDQ8-F5A1QJ6SW-dd9d091fa3\/2017-05-08_10_18_57-localhost_3000_800.png?t=xoxe-162030421824-185382731222-185401705175-2e570a4850",
            "thumb_800_w": 800,
            "thumb_800_h": 370,
            "thumb_960": "https:\/\/files.slack.com\/files-tmb\/T4S0WCDQ8-F5A1QJ6SW-dd9d091fa3\/2017-05-08_10_18_57-localhost_3000_960.png?t=xoxe-162030421824-185382731222-185401705175-2e570a4850",
            "thumb_960_w": 960,
            "thumb_960_h": 443,
            "thumb_1024": "https:\/\/files.slack.com\/files-tmb\/T4S0WCDQ8-F5A1QJ6SW-dd9d091fa3\/2017-05-08_10_18_57-localhost_3000_1024.png?t=xoxe-162030421824-185382731222-185401705175-2e570a4850",
            "thumb_1024_w": 1024,
            "thumb_1024_h": 473,
            "image_exif_rotation": 1,
            "original_w": 1589,
            "original_h": 734,
            "permalink": "https:\/\/remc17white.slack.com\/files\/lupu60\/F5A1QJ6SW\/2017-05-08_10_18_57-localhost_3000.png",
            "permalink_public": "https:\/\/slack-files.com\/T4S0WCDQ8-F5A1QJ6SW-4497b8fae6",
            "channels": [
                "C4TCA431C"
            ],
            "groups": [],
            "ims": [],
            "comments_count": 0
        },
        "user": "U4SNUDGMS",
        "upload": true,
        "display_as_bot": false,
        "username": "lupu60",
        "bot_id": null,
        "ts": "1494231669.730005"
    },
    {
        "type": "message",
        "subtype": "file_share",
        "text": "<@U4SNUDGMS|lupu60> uploaded a file: <https:\/\/remc17white.slack.com\/files\/lupu60\/F5ARTF8AK\/2017-05-08_10_19_42-localhost_3000.png|2017-05-08 10_19_42-localhost_3000.png>",
        "file": {
            "id": "F5ARTF8AK",
            "created": 1494231669,
            "timestamp": 1494231669,
            "name": "2017-05-08 10_19_42-localhost_3000.png",
            "title": "2017-05-08 10_19_42-localhost_3000.png",
            "mimetype": "image\/png",
            "filetype": "png",
            "pretty_type": "PNG",
            "user": "U4SNUDGMS",
            "editable": false,
            "size": 45938,
            "mode": "hosted",
            "is_external": false,
            "external_type": "",
            "is_public": true,
            "public_url_shared": false,
            "display_as_bot": false,
            "username": "",
            "url_private": "https:\/\/files.slack.com\/files-pri\/T4S0WCDQ8-F5ARTF8AK\/2017-05-08_10_19_42-localhost_3000.png?t=xoxe-162030421824-185382731222-185401705175-2e570a4850",
            "url_private_download": "https:\/\/files.slack.com\/files-pri\/T4S0WCDQ8-F5ARTF8AK\/download\/2017-05-08_10_19_42-localhost_3000.png?t=xoxe-162030421824-185382731222-185401705175-2e570a4850",
            "thumb_64": "https:\/\/files.slack.com\/files-tmb\/T4S0WCDQ8-F5ARTF8AK-acb443fa9c\/2017-05-08_10_19_42-localhost_3000_64.png?t=xoxe-162030421824-185382731222-185401705175-2e570a4850",
            "thumb_80": "https:\/\/files.slack.com\/files-tmb\/T4S0WCDQ8-F5ARTF8AK-acb443fa9c\/2017-05-08_10_19_42-localhost_3000_80.png?t=xoxe-162030421824-185382731222-185401705175-2e570a4850",
            "thumb_360": "https:\/\/files.slack.com\/files-tmb\/T4S0WCDQ8-F5ARTF8AK-acb443fa9c\/2017-05-08_10_19_42-localhost_3000_360.png?t=xoxe-162030421824-185382731222-185401705175-2e570a4850",
            "thumb_360_w": 360,
            "thumb_360_h": 171,
            "thumb_480": "https:\/\/files.slack.com\/files-tmb\/T4S0WCDQ8-F5ARTF8AK-acb443fa9c\/2017-05-08_10_19_42-localhost_3000_480.png?t=xoxe-162030421824-185382731222-185401705175-2e570a4850",
            "thumb_480_w": 480,
            "thumb_480_h": 228,
            "thumb_160": "https:\/\/files.slack.com\/files-tmb\/T4S0WCDQ8-F5ARTF8AK-acb443fa9c\/2017-05-08_10_19_42-localhost_3000_160.png?t=xoxe-162030421824-185382731222-185401705175-2e570a4850",
            "thumb_720": "https:\/\/files.slack.com\/files-tmb\/T4S0WCDQ8-F5ARTF8AK-acb443fa9c\/2017-05-08_10_19_42-localhost_3000_720.png?t=xoxe-162030421824-185382731222-185401705175-2e570a4850",
            "thumb_720_w": 720,
            "thumb_720_h": 342,
            "thumb_800": "https:\/\/files.slack.com\/files-tmb\/T4S0WCDQ8-F5ARTF8AK-acb443fa9c\/2017-05-08_10_19_42-localhost_3000_800.png?t=xoxe-162030421824-185382731222-185401705175-2e570a4850",
            "thumb_800_w": 800,
            "thumb_800_h": 380,
            "thumb_960": "https:\/\/files.slack.com\/files-tmb\/T4S0WCDQ8-F5ARTF8AK-acb443fa9c\/2017-05-08_10_19_42-localhost_3000_960.png?t=xoxe-162030421824-185382731222-185401705175-2e570a4850",
            "thumb_960_w": 960,
            "thumb_960_h": 456,
            "thumb_1024": "https:\/\/files.slack.com\/files-tmb\/T4S0WCDQ8-F5ARTF8AK-acb443fa9c\/2017-05-08_10_19_42-localhost_3000_1024.png?t=xoxe-162030421824-185382731222-185401705175-2e570a4850",
            "thumb_1024_w": 1024,
            "thumb_1024_h": 486,
            "image_exif_rotation": 1,
            "original_w": 1390,
            "original_h": 660,
            "permalink": "https:\/\/remc17white.slack.com\/files\/lupu60\/F5ARTF8AK\/2017-05-08_10_19_42-localhost_3000.png",
            "permalink_public": "https:\/\/slack-files.com\/T4S0WCDQ8-F5ARTF8AK-3d14f5a0a8",
            "channels": [
                "C4TCA431C"
            ],
            "groups": [],
            "ims": [],
            "comments_count": 0
        },
        "user": "U4SNUDGMS",
        "upload": true,
        "display_as_bot": false,
        "username": "lupu60",
        "bot_id": null,
        "ts": "1494231675.732397"
    },
    {
        "type": "message",
        "subtype": "file_share",
        "text": "<@U4SNUDGMS|lupu60> uploaded a file: <https:\/\/remc17white.slack.com\/files\/lupu60\/F5ARTG11V\/2017-05-08_10_19_51-localhost_3000.png|2017-05-08 10_19_51-localhost_3000.png>",
        "file": {
            "id": "F5ARTG11V",
            "created": 1494231676,
            "timestamp": 1494231676,
            "name": "2017-05-08 10_19_51-localhost_3000.png",
            "title": "2017-05-08 10_19_51-localhost_3000.png",
            "mimetype": "image\/png",
            "filetype": "png",
            "pretty_type": "PNG",
            "user": "U4SNUDGMS",
            "editable": false,
            "size": 13613,
            "mode": "hosted",
            "is_external": false,
            "external_type": "",
            "is_public": true,
            "public_url_shared": false,
            "display_as_bot": false,
            "username": "",
            "url_private": "https:\/\/files.slack.com\/files-pri\/T4S0WCDQ8-F5ARTG11V\/2017-05-08_10_19_51-localhost_3000.png?t=xoxe-162030421824-185382731222-185401705175-2e570a4850",
            "url_private_download": "https:\/\/files.slack.com\/files-pri\/T4S0WCDQ8-F5ARTG11V\/download\/2017-05-08_10_19_51-localhost_3000.png?t=xoxe-162030421824-185382731222-185401705175-2e570a4850",
            "thumb_64": "https:\/\/files.slack.com\/files-tmb\/T4S0WCDQ8-F5ARTG11V-e60dc4ef0e\/2017-05-08_10_19_51-localhost_3000_64.png?t=xoxe-162030421824-185382731222-185401705175-2e570a4850",
            "thumb_80": "https:\/\/files.slack.com\/files-tmb\/T4S0WCDQ8-F5ARTG11V-e60dc4ef0e\/2017-05-08_10_19_51-localhost_3000_80.png?t=xoxe-162030421824-185382731222-185401705175-2e570a4850",
            "thumb_360": "https:\/\/files.slack.com\/files-tmb\/T4S0WCDQ8-F5ARTG11V-e60dc4ef0e\/2017-05-08_10_19_51-localhost_3000_360.png?t=xoxe-162030421824-185382731222-185401705175-2e570a4850",
            "thumb_360_w": 360,
            "thumb_360_h": 160,
            "thumb_480": "https:\/\/files.slack.com\/files-tmb\/T4S0WCDQ8-F5ARTG11V-e60dc4ef0e\/2017-05-08_10_19_51-localhost_3000_480.png?t=xoxe-162030421824-185382731222-185401705175-2e570a4850",
            "thumb_480_w": 480,
            "thumb_480_h": 214,
            "thumb_160": "https:\/\/files.slack.com\/files-tmb\/T4S0WCDQ8-F5ARTG11V-e60dc4ef0e\/2017-05-08_10_19_51-localhost_3000_160.png?t=xoxe-162030421824-185382731222-185401705175-2e570a4850",
            "thumb_720": "https:\/\/files.slack.com\/files-tmb\/T4S0WCDQ8-F5ARTG11V-e60dc4ef0e\/2017-05-08_10_19_51-localhost_3000_720.png?t=xoxe-162030421824-185382731222-185401705175-2e570a4850",
            "thumb_720_w": 720,
            "thumb_720_h": 321,
            "image_exif_rotation": 1,
            "original_w": 763,
            "original_h": 340,
            "permalink": "https:\/\/remc17white.slack.com\/files\/lupu60\/F5ARTG11V\/2017-05-08_10_19_51-localhost_3000.png",
            "permalink_public": "https:\/\/slack-files.com\/T4S0WCDQ8-F5ARTG11V-97933e5165",
            "channels": [
                "C4TCA431C"
            ],
            "groups": [],
            "ims": [],
            "comments_count": 0
        },
        "user": "U4SNUDGMS",
        "upload": true,
        "display_as_bot": false,
        "username": "lupu60",
        "bot_id": null,
        "ts": "1494231680.733904"
    },
    {
        "type": "message",
        "user": "U4SNUDGMS",
        "text": "<https:\/\/github.com\/lupu60\/tweetsAnalytics>",
        "attachments": [
            {
                "service_name": "GitHub",
                "title": "lupu60\/tweetsAnalytics",
                "title_link": "https:\/\/github.com\/lupu60\/tweetsAnalytics",
                "text": "Contribute to tweetsAnalytics development by creating an account on GitHub.",
                "fallback": "GitHub: lupu60\/tweetsAnalytics",
                "from_url": "https:\/\/github.com\/lupu60\/tweetsAnalytics",
                "thumb_url": "https:\/\/avatars2.githubusercontent.com\/u\/5337610?v=3&s=400",
                "thumb_width": 250,
                "thumb_height": 250,
                "service_icon": "https:\/\/a.slack-edge.com\/bfaba\/img\/unfurl_icons\/github.png",
                "id": 1
            }
        ],
        "ts": "1494232370.967245"
    }
]