[
    {
        "type": "message",
        "user": "U4TNKSGCE",
        "text": "Hi guys! Is everything ok for our meeting today?",
        "ts": "1491314997.962521"
    },
    {
        "type": "message",
        "user": "U4SL0R6TV",
        "text": "Yup. 7 pm romanian time?",
        "ts": "1491315046.990323"
    },
    {
        "type": "message",
        "user": "U4TNKSGCE",
        "text": "Exactly!",
        "ts": "1491315053.993754"
    },
    {
        "type": "message",
        "user": "U4SNUDGMS",
        "text": "Hi Bernand",
        "ts": "1491315057.996041"
    },
    {
        "type": "message",
        "user": "U4TKAE4CW",
        "text": "Hi <@U4SNUDGMS>",
        "ts": "1491318970.315383"
    },
    {
        "type": "message",
        "user": "U4SNUDGMS",
        "text": "Hi all ",
        "ts": "1491318998.331886"
    },
    {
        "type": "message",
        "user": "U4SNUDGMS",
        "text": "I will be at the meeting as fast I can, I am in the uban, right now I leave the work so start without me ",
        "ts": "1491319072.376128"
    },
    {
        "type": "message",
        "user": "U4TKAE4CW",
        "text": "oj",
        "ts": "1491320172.026477"
    },
    {
        "type": "message",
        "user": "U4TKAE4CW",
        "text": "ok",
        "ts": "1491320177.029660"
    }
]