[
    {
        "type": "message",
        "user": "U4TNKSGCE",
        "text": "And the website for the sentiment analyzer (<http:\/\/sentiment.vivenk.com|sentiment.vivenk.com>) is offline :disappointed:",
        "ts": "1493888679.238803"
    },
    {
        "type": "message",
        "user": "U4S3THCBB",
        "text": "Mhh yes i think it is down till yesterday",
        "ts": "1493888719.254583"
    },
    {
        "type": "message",
        "user": "U4TNKSGCE",
        "text": "wrong link: <http:\/\/sentiment.vivekn.com|sentiment.vivekn.com>",
        "ts": "1493888758.268050"
    },
    {
        "type": "message",
        "user": "U4TNKSGCE",
        "text": "Really? Ah, I think I can handle the method section without the website",
        "ts": "1493888780.276210"
    },
    {
        "type": "message",
        "user": "U4TNKSGCE",
        "text": "The Result JSON has the fields: comment, sentiment and confidence?",
        "ts": "1493888824.292799"
    },
    {
        "type": "message",
        "user": "U4S3THCBB",
        "text": "Mhh maybe you could try the the wayback website to check if you can access the website",
        "ts": "1493888894.320524"
    },
    {
        "type": "message",
        "user": "U4TNKSGCE",
        "text": "I've tried",
        "ts": "1493888973.348729"
    },
    {
        "type": "message",
        "user": "U4TNKSGCE",
        "text": "And trying to call the api as well",
        "ts": "1493888983.352243"
    },
    {
        "type": "message",
        "user": "U4TNKSGCE",
        "text": "no luck",
        "ts": "1493888986.353430"
    },
    {
        "type": "message",
        "user": "U4TNKSGCE",
        "text": "I'll check his github",
        "ts": "1493888994.356635"
    },
    {
        "type": "message",
        "user": "U4TNKSGCE",
        "text": "Btw, <@U4S3THCBB> , how many videos did we get?",
        "ts": "1493889230.445620"
    },
    {
        "type": "message",
        "user": "U4S3THCBB",
        "text": "We have 50 the max possible value the api allows us to extract",
        "ts": "1493889361.495211"
    },
    {
        "type": "message",
        "user": "U4TNKSGCE",
        "text": "Cool. And do we know how many comments from each video we fetched?",
        "ts": "1493889458.532896"
    },
    {
        "type": "message",
        "user": "U4S3THCBB",
        "text": "Max 100 comments per video ",
        "ts": "1493889566.571718"
    },
    {
        "type": "message",
        "user": "U4TNKSGCE",
        "text": "Thanks man :smile:",
        "ts": "1493889606.586449"
    },
    {
        "type": "message",
        "user": "U4S3THCBB",
        "text": "Your welcome :slightly_smiling_face: ",
        "ts": "1493889645.600188"
    },
    {
        "type": "message",
        "user": "U4SL0R6TV",
        "text": "Hey. I uploaded my part of the assumptions. Its on the drive ",
        "ts": "1493917605.497561"
    }
]