[
    {
        "type": "message",
        "user": "U4TNKSGCE",
        "text": "These results are much more interesting  <@U4SNUDGMS>  :smile:",
        "ts": "1493385871.437889"
    },
    {
        "type": "message",
        "user": "U4TNKSGCE",
        "text": "Now the challenge will be discuss why twitter is more positive than youtube",
        "ts": "1493386015.506117"
    },
    {
        "type": "message",
        "user": "U4SNUDGMS",
        "text": "Hi all",
        "ts": "1493386125.557706"
    },
    {
        "type": "message",
        "user": "U4SNUDGMS",
        "text": "i will not join the meeting today",
        "ts": "1493386151.570327"
    },
    {
        "type": "message",
        "user": "U4S3THCBB",
        "text": "oh ok alright",
        "ts": "1493386217.603498"
    },
    {
        "type": "message",
        "user": "U4TNKSGCE",
        "text": "Ok, man! Any consideration would like to make or comment?",
        "ts": "1493386235.612708"
    },
    {
        "type": "message",
        "user": "U4S3THCBB",
        "text": "Regarding the discussion maybe we can have a better look at the different user bases of these two different social platforms like gender for example. Here are some interesting links:\n\nlinks <http:\/\/www.huffingtonpost.com\/2012\/06\/20\/social-media-by-gender-women-pinterest-men-reddit-infographic_n_1613812.html>\n<https:\/\/de.slideshare.net\/PratikDeshpande13\/youtube-statistics-demographics>",
        "attachments": [
            {
                "service_name": "The Huffington Post",
                "title": "INFOGRAPHIC: Do Women Really Dominate Social Media?",
                "title_link": "http:\/\/www.huffingtonpost.com\/2012\/06\/20\/social-media-by-gender-women-pinterest-men-reddit-infographic_n_1613812.html",
                "text": "We've heard over and over again that Pinterest is all for the ladies. TIME declared that",
                "fallback": "The Huffington Post: INFOGRAPHIC: Do Women Really Dominate Social Media?",
                "ts": 1340302630,
                "from_url": "http:\/\/www.huffingtonpost.com\/2012\/06\/20\/social-media-by-gender-women-pinterest-men-reddit-infographic_n_1613812.html",
                "service_icon": "http:\/\/s.m.huffpost.com\/assets\/favicon-2020e123c064086aad150fe909c53771f862d7c76cd62f6146e81d533845fd7d.ico",
                "id": 1
            },
            {
                "title": "YouTube Statistics &amp; Demographics",
                "title_link": "https:\/\/de.slideshare.net\/PratikDeshpande13\/youtube-statistics-demographics",
                "text": "Slide presentation about YouTube's statistics for organisations to invest in the platform.",
                "fallback": "YouTube Statistics &amp; Demographics",
                "thumb_url": "https:\/\/cdn.slidesharecdn.com\/ss_thumbnails\/smd101youtube-161025094235-thumbnail-4.jpg?cb=1477388845",
                "from_url": "https:\/\/de.slideshare.net\/PratikDeshpande13\/youtube-statistics-demographics",
                "thumb_width": 768,
                "thumb_height": 433,
                "service_icon": "https:\/\/public.slidesharecdn.com\/b\/favicon.ico?d8e2a4ed15",
                "service_name": "de.slideshare.net",
                "id": 2
            }
        ],
        "ts": "1493386384.685952"
    },
    {
        "type": "message",
        "user": "U4TNKSGCE",
        "text": "I'll read it right now. By the way, we have to overcome Bogdan's absence since he'd be the scriber today",
        "ts": "1493386539.760936"
    },
    {
        "type": "message",
        "user": "U4TNKSGCE",
        "text": "Youtube has more men than women and Twitter is the opposite. Do you think this is correlated with the fact Youtube got more negative comments than twitter?",
        "ts": "1493386811.896622"
    },
    {
        "type": "message",
        "user": "U4SL0R6TV",
        "text": "Sure. We can turn this into a sexist thing :))",
        "ts": "1493386841.912103"
    },
    {
        "type": "message",
        "user": "U4TNKSGCE",
        "text": "I can't prove it with numbers, but I feel women tend to be less negative\/hateful",
        "ts": "1493386842.912661"
    },
    {
        "type": "message",
        "user": "U4TNKSGCE",
        "text": "Anyway, I liked the news <@U4S3THCBB>",
        "ts": "1493386911.948409"
    },
    {
        "type": "message",
        "user": "U4TNKSGCE",
        "text": "I'll be 5 min late",
        "ts": "1493387831.428224"
    },
    {
        "type": "message",
        "user": "U4S3THCBB",
        "text": "Ok we will start 5 min later then and btw some possible topics to discuss for today were posted by the assistance of the professor in the wiggio:\n\nThe tasks for today are:\n- get feedback on assignments from last meeting \n- look for ways to further improve your data extraction and\/or analysis \n- look for ways to further improve your paper \n- decide what everybody will do until next meeting \n- reflect on your remote collaboration regarding each individual roles, responsibilities, contribution: what works well, were are areas for improvement?",
        "ts": "1493388062.560077"
    },
    {
        "type": "message",
        "user": "U4S3THCBB",
        "text": "<@U4TNKSGCE>  \n\nRegarding your doubts about the language restriction in the Youtube API, I have mixed it up... we also have a small amount of comments, which are not in English... I cannot find any filter for that in the API...\n\nand regarding the location of a comment's location, I have read that this is not possible to get.\n\nThe criteria for selecting the videos is in our case the relevance.",
        "ts": "1493398735.633445"
    }
]