[
    {
        "type": "message",
        "user": "U4TNKSGCE",
        "text": "Good, I'll check it later",
        "ts": "1493969035.780268"
    },
    {
        "type": "message",
        "user": "U4TNKSGCE",
        "text": "Thanks, <@U4SL0R6TV>",
        "ts": "1493969043.781987"
    },
    {
        "type": "message",
        "user": "U4TNKSGCE",
        "text": "Here is the method part: <https:\/\/docs.google.com\/document\/d\/1Y_xoFc2jD7EoX25JYokrsz15HltTThjkK52W_oyD4Rc\/edit#>",
        "ts": "1493971827.624008"
    },
    {
        "type": "message",
        "subtype": "file_share",
        "text": "<@U4TNKSGCE|bernardo_pereira> shared a file: <https:\/\/remc17white.slack.com\/files\/bernardo_pereira\/F58J21FK3\/5_method|3\/5 Method>",
        "file": {
            "id": "F58J21FK3",
            "created": 1493971828,
            "timestamp": 1493971828,
            "name": "5 Method",
            "title": "3\/5 Method",
            "mimetype": "application\/vnd.google-apps.document",
            "filetype": "gdoc",
            "pretty_type": "GDocs Document",
            "user": "U4TNKSGCE",
            "editable": false,
            "size": 3277,
            "mode": "external",
            "is_external": true,
            "external_type": "gdrive",
            "is_public": true,
            "public_url_shared": false,
            "display_as_bot": false,
            "username": "",
            "url_private": "https:\/\/docs.google.com\/document\/d\/1Y_xoFc2jD7EoX25JYokrsz15HltTThjkK52W_oyD4Rc\/edit#",
            "thumb_64": "https:\/\/slack.com\/img\/files\/gdoc_64.v.png",
            "thumb_360": "https:\/\/slack.com\/img\/files\/gdoc_360.v.png",
            "thumb_360_w": 360,
            "thumb_360_h": 167,
            "permalink": "https:\/\/remc17white.slack.com\/files\/bernardo_pereira\/F58J21FK3\/5_method",
            "channels": [
                "C4TCA431C"
            ],
            "groups": [],
            "ims": [],
            "comments_count": 0
        },
        "user": "U4TNKSGCE",
        "upload": false,
        "display_as_bot": false,
        "username": "bernardo_pereira",
        "bot_id": null,
        "ts": "1493971828.624302"
    },
    {
        "type": "message",
        "user": "U4TNKSGCE",
        "text": "I've read Paul's and Diana's part and commented the text",
        "ts": "1493976321.190378"
    },
    {
        "type": "message",
        "user": "U4TNKSGCE",
        "text": "With the google docs feature for commenting",
        "ts": "1493976338.196296"
    },
    {
        "type": "message",
        "user": "U4TNKSGCE",
        "text": "just go to the file and you see them",
        "ts": "1493976350.200300"
    },
    {
        "type": "message",
        "user": "U4TNKSGCE",
        "text": "btw, I've transformed Paul's document into Google Drive document",
        "thread_ts": "1493976373.209437",
        "reply_count": 2,
        "replies": [
            {
                "user": "U4VENVB4Y",
                "ts": "1493979178.185200"
            },
            {
                "user": "U4VENVB4Y",
                "ts": "1493979187.187852"
            }
        ],
        "unread_count": 2,
        "ts": "1493976373.209437"
    },
    {
        "type": "message",
        "user": "U4S3THCBB",
        "text": "Ok thank you, I will also read these docs now. Btw my part of the discussion chapter is also in the drive",
        "ts": "1493978015.789317"
    },
    {
        "type": "message",
        "user": "U4VENVB4Y",
        "text": "bernardo_pereira: Hi bernardo_pereira",
        "thread_ts": "1493976373.209437",
        "parent_user_id": "U4TNKSGCE",
        "ts": "1493979178.185200"
    },
    {
        "type": "message",
        "user": "U4VENVB4Y",
        "text": "How are you? :smile:",
        "thread_ts": "1493976373.209437",
        "parent_user_id": "U4TNKSGCE",
        "ts": "1493979187.187852"
    },
    {
        "type": "message",
        "user": "U4S3THCBB",
        "text": "<@U4SL0R6TV> I tried to merge some points from your part into my discussion chapter. I have put it in the drive",
        "ts": "1493986388.461549"
    },
    {
        "type": "message",
        "user": "U4VENVB4Y",
        "text": "<@U4TNKSGCE> thank you for reviewing my part. I have done the modifications you have suggested.",
        "ts": "1493989688.770248"
    },
    {
        "type": "message",
        "user": "U4TNKSGCE",
        "text": "<@U4VENVB4Y> hahaha no problem. I'm still reading all the texts. Thank you all for sharing your drafts beforehand :smile:",
        "ts": "1493989960.895082"
    },
    {
        "type": "message",
        "user": "U4TNKSGCE",
        "text": "Guys, I will be 5 min late",
        "ts": "1493992489.196059"
    },
    {
        "type": "message",
        "user": "U4VENVB4Y",
        "text": "Guys I can't attend today, sorry.",
        "ts": "1493992613.267564"
    },
    {
        "type": "message",
        "user": "U4SL0R6TV",
        "text": "I will also be around 10 mins late",
        "ts": "1493992764.356480"
    },
    {
        "type": "message",
        "user": "U4TNKSGCE",
        "text": "Mine was false alarm",
        "ts": "1493992816.389815"
    },
    {
        "type": "message",
        "user": "U4TNKSGCE",
        "text": "hahaha",
        "ts": "1493992818.390810"
    },
    {
        "type": "message",
        "user": "U4TNKSGCE",
        "text": "Ok, <@U4VENVB4Y>",
        "ts": "1493992904.445552"
    },
    {
        "type": "message",
        "user": "U4TNKSGCE",
        "text": "So, let's wait for Paul",
        "ts": "1493992915.452210"
    },
    {
        "type": "message",
        "user": "U4SL0R6TV",
        "text": "I am on skype",
        "ts": "1493994161.176091"
    },
    {
        "type": "message",
        "user": "U4TNKSGCE",
        "text": "The references are formatted right now :smile:",
        "ts": "1493999731.563678"
    },
    {
        "type": "message",
        "user": "U4S3THCBB",
        "text": "Ok good job <@U4TNKSGCE> :slightly_smiling_face: ",
        "ts": "1493999815.614542"
    }
]