[
    {
        "type": "message",
        "user": "U4SL0R6TV",
        "text": "hello. i extracted 1200 recent tweets with the hashtag #brexit",
        "ts": "1492791019.947547"
    },
    {
        "type": "message",
        "user": "U4SL0R6TV",
        "text": "is it enough ?",
        "ts": "1492791024.950693"
    },
    {
        "type": "message",
        "user": "U4SL0R6TV",
        "text": "actually i'll do 2704 to make a more appropriate comparison",
        "ts": "1492791214.048292"
    },
    {
        "type": "message",
        "user": "U4SL0R6TV",
        "text": "some of them are not in english though ....",
        "ts": "1492791237.060120"
    },
    {
        "type": "message",
        "user": "U4SL0R6TV",
        "text": "most are",
        "ts": "1492791291.087774"
    },
    {
        "type": "message",
        "subtype": "file_share",
        "text": "<@U4SL0R6TV|paul-modran> uploaded a file: <https:\/\/remc17white.slack.com\/files\/paul-modran\/F52PM1AKW\/mydata.brexit.tweets.xlsx|mydata.brexit.tweets.xlsx> and commented: tweets spreadsheet",
        "file": {
            "id": "F52PM1AKW",
            "created": 1492791382,
            "timestamp": 1492791382,
            "name": "mydata.brexit.tweets.xlsx",
            "title": "mydata.brexit.tweets.xlsx",
            "mimetype": "application\/vnd.openxmlformats-officedocument.spreadsheetml.sheet",
            "filetype": "xlsx",
            "pretty_type": "Excel Spreadsheet",
            "user": "U4SL0R6TV",
            "editable": false,
            "size": 338619,
            "mode": "hosted",
            "is_external": false,
            "external_type": "",
            "is_public": true,
            "public_url_shared": false,
            "display_as_bot": false,
            "username": "",
            "url_private": "https:\/\/files.slack.com\/files-pri\/T4S0WCDQ8-F52PM1AKW\/mydata.brexit.tweets.xlsx?t=xoxe-162030421824-185382731222-185401705175-2e570a4850",
            "url_private_download": "https:\/\/files.slack.com\/files-pri\/T4S0WCDQ8-F52PM1AKW\/download\/mydata.brexit.tweets.xlsx?t=xoxe-162030421824-185382731222-185401705175-2e570a4850",
            "permalink": "https:\/\/remc17white.slack.com\/files\/paul-modran\/F52PM1AKW\/mydata.brexit.tweets.xlsx",
            "permalink_public": "https:\/\/slack-files.com\/T4S0WCDQ8-F52PM1AKW-b65dd84a69",
            "channels": [
                "C4TCA431C"
            ],
            "groups": [],
            "ims": [],
            "comments_count": 1,
            "initial_comment": {
                "id": "Fc52L2AXD1",
                "created": 1492791382,
                "timestamp": 1492791382,
                "user": "U4SL0R6TV",
                "is_intro": true,
                "comment": "tweets spreadsheet"
            }
        },
        "user": "U4SL0R6TV",
        "upload": true,
        "display_as_bot": false,
        "username": "paul-modran",
        "bot_id": null,
        "ts": "1492791382.135144"
    },
    {
        "type": "message",
        "subtype": "file_share",
        "text": "<@U4SL0R6TV|paul-modran> uploaded a file: <https:\/\/remc17white.slack.com\/files\/paul-modran\/F522KNRPS\/mydata.brexit.tweets.txt|mydata.brexit.tweets.txt> and commented: tweets raw",
        "file": {
            "id": "F522KNRPS",
            "created": 1492791506,
            "timestamp": 1492791506,
            "name": "mydata.brexit.tweets.txt",
            "title": "mydata.brexit.tweets.txt",
            "mimetype": "text\/plain",
            "filetype": "text",
            "pretty_type": "Plain Text",
            "user": "U4SL0R6TV",
            "editable": false,
            "size": 874260,
            "mode": "hosted",
            "is_external": false,
            "external_type": "",
            "is_public": true,
            "public_url_shared": false,
            "display_as_bot": false,
            "username": "",
            "url_private": "https:\/\/files.slack.com\/files-pri\/T4S0WCDQ8-F522KNRPS\/mydata.brexit.tweets.txt?t=xoxe-162030421824-185382731222-185401705175-2e570a4850",
            "url_private_download": "https:\/\/files.slack.com\/files-pri\/T4S0WCDQ8-F522KNRPS\/download\/mydata.brexit.tweets.txt?t=xoxe-162030421824-185382731222-185401705175-2e570a4850",
            "permalink": "https:\/\/remc17white.slack.com\/files\/paul-modran\/F522KNRPS\/mydata.brexit.tweets.txt",
            "permalink_public": "https:\/\/slack-files.com\/T4S0WCDQ8-F522KNRPS-51cea2f1a3",
            "channels": [
                "C4TCA431C"
            ],
            "groups": [],
            "ims": [],
            "comments_count": 1,
            "initial_comment": {
                "id": "Fc53GWCWH5",
                "created": 1492791506,
                "timestamp": 1492791506,
                "user": "U4SL0R6TV",
                "is_intro": true,
                "comment": "tweets raw"
            }
        },
        "user": "U4SL0R6TV",
        "upload": true,
        "display_as_bot": false,
        "username": "paul-modran",
        "bot_id": null,
        "ts": "1492791506.197669"
    }
]