[
    {
        "type": "message",
        "subtype": "file_share",
        "text": "<@U4S3THCBB|benjamin> uploaded a file: <https:\/\/remc17white.slack.com\/files\/benjamin\/F4Z80854K\/sentiment_analysis_from_youtube.txt|sentiment_analysis_from_youtube.txt> and commented: This is the result from the sentiment analysis by using the API from here: \n\n<http:\/\/sentiment.vivekn.com\/> \n\nfor 2704 youtube comments for 50 videos, which contains brexit in their title.",
        "file": {
            "id": "F4Z80854K",
            "created": 1492163710,
            "timestamp": 1492163710,
            "name": "sentiment_analysis_from_youtube.txt",
            "title": "sentiment_analysis_from_youtube.txt",
            "mimetype": "text\/plain",
            "filetype": "text",
            "pretty_type": "Plain Text",
            "user": "U4S3THCBB",
            "editable": true,
            "size": 29130,
            "mode": "snippet",
            "is_external": false,
            "external_type": "",
            "is_public": true,
            "public_url_shared": false,
            "display_as_bot": false,
            "username": "",
            "url_private": "https:\/\/files.slack.com\/files-pri\/T4S0WCDQ8-F4Z80854K\/sentiment_analysis_from_youtube.txt?t=xoxe-162030421824-185382731222-185401705175-2e570a4850",
            "url_private_download": "https:\/\/files.slack.com\/files-pri\/T4S0WCDQ8-F4Z80854K\/download\/sentiment_analysis_from_youtube.txt?t=xoxe-162030421824-185382731222-185401705175-2e570a4850",
            "permalink": "https:\/\/remc17white.slack.com\/files\/benjamin\/F4Z80854K\/sentiment_analysis_from_youtube.txt",
            "permalink_public": "https:\/\/slack-files.com\/T4S0WCDQ8-F4Z80854K-6ecf392567",
            "edit_link": "https:\/\/remc17white.slack.com\/files\/benjamin\/F4Z80854K\/sentiment_analysis_from_youtube.txt\/edit",
            "preview": "\"Neutral\"\n\"Negative\"\n\"Neutral\"\n\"Negative\"\n\"Positive\"",
            "preview_highlight": "<div class=\"CodeMirror cm-s-default CodeMirrorServer\" oncopy=\"if(event.clipboardData){event.clipboardData.setData('text\/plain',window.getSelection().toString().replace(\/\\u200b\/g,''));event.preventDefault();event.stopPropagation();}\">\n<div class=\"CodeMirror-code\">\n<div><pre>&quot;Neutral&quot;<\/pre><\/div>\n<div><pre>&quot;Negative&quot;<\/pre><\/div>\n<div><pre>&quot;Neutral&quot;<\/pre><\/div>\n<div><pre>&quot;Negative&quot;<\/pre><\/div>\n<div><pre>&quot;Positive&quot;<\/pre><\/div>\n<\/div>\n<\/div>\n",
            "lines": 2704,
            "lines_more": 2699,
            "preview_is_truncated": true,
            "channels": [
                "C4TCA431C"
            ],
            "groups": [],
            "ims": [],
            "comments_count": 1,
            "initial_comment": {
                "id": "Fc4Z8087QT",
                "created": 1492163710,
                "timestamp": 1492163710,
                "user": "U4S3THCBB",
                "is_intro": true,
                "comment": "This is the result from the sentiment analysis by using the API from here: \n\n<http:\/\/sentiment.vivekn.com\/> \n\nfor 2704 youtube comments for 50 videos, which contains brexit in their title."
            }
        },
        "user": "U4S3THCBB",
        "upload": true,
        "display_as_bot": false,
        "username": "benjamin",
        "bot_id": null,
        "ts": "1492163710.305042"
    },
    {
        "type": "message",
        "subtype": "file_share",
        "text": "<@U4S3THCBB|benjamin> uploaded a file: <https:\/\/remc17white.slack.com\/files\/benjamin\/F4YJTDXGQ\/youtube_comments.txt|youtube_comments.txt> and commented: 2704 raw comments from youtube with the topic brexit",
        "file": {
            "id": "F4YJTDXGQ",
            "created": 1492163738,
            "timestamp": 1492163738,
            "name": "youtube_comments.txt",
            "title": "youtube_comments.txt",
            "mimetype": "text\/plain",
            "filetype": "text",
            "pretty_type": "Plain Text",
            "user": "U4S3THCBB",
            "editable": false,
            "size": 537136,
            "mode": "hosted",
            "is_external": false,
            "external_type": "",
            "is_public": true,
            "public_url_shared": false,
            "display_as_bot": false,
            "username": "",
            "url_private": "https:\/\/files.slack.com\/files-pri\/T4S0WCDQ8-F4YJTDXGQ\/youtube_comments.txt?t=xoxe-162030421824-185382731222-185401705175-2e570a4850",
            "url_private_download": "https:\/\/files.slack.com\/files-pri\/T4S0WCDQ8-F4YJTDXGQ\/download\/youtube_comments.txt?t=xoxe-162030421824-185382731222-185401705175-2e570a4850",
            "permalink": "https:\/\/remc17white.slack.com\/files\/benjamin\/F4YJTDXGQ\/youtube_comments.txt",
            "permalink_public": "https:\/\/slack-files.com\/T4S0WCDQ8-F4YJTDXGQ-7576c8aa03",
            "channels": [
                "C4TCA431C"
            ],
            "groups": [],
            "ims": [],
            "comments_count": 1,
            "initial_comment": {
                "id": "Fc500T2T47",
                "created": 1492163738,
                "timestamp": 1492163738,
                "user": "U4S3THCBB",
                "is_intro": true,
                "comment": "2704 raw comments from youtube with the topic brexit"
            }
        },
        "user": "U4S3THCBB",
        "upload": true,
        "display_as_bot": false,
        "username": "benjamin",
        "bot_id": null,
        "ts": "1492163738.312221"
    },
    {
        "type": "message",
        "user": "U4S3THCBB",
        "text": "Analysis of the result for the youtube comments: \n\nNumber of positive comments: 801\nNumber of neutral comments: 613\nNumber of negative comments: 1290\nTotal comments: 2704",
        "ts": "1492163782.322454"
    }
]