[
    {
        "type": "message",
        "user": "U4S3THCBB",
        "text": "Hello guys, I hope everyone is doing fine :slightly_smiling_face:. Regarding the logs of our messages in Slack, can it be that only the admin of this group can export the log of this chat because I have problems exporting it...",
        "ts": "1495019967.419502"
    },
    {
        "type": "message",
        "user": "U4SNUDGMS",
        "text": "Hi benjan",
        "ts": "1495020093.456159"
    },
    {
        "type": "message",
        "user": "U4SNUDGMS",
        "text": "benjamin",
        "ts": "1495020101.458290"
    },
    {
        "type": "message",
        "user": "U4SNUDGMS",
        "text": "i will try to export them",
        "ts": "1495020108.460345"
    }
]