[
    {
        "type": "message",
        "user": "U4TNKSGCE",
        "text": "Hi everyone. I was brainstorming a skeleton for the paper's structure and I wanna share it with you:",
        "ts": "1493099760.182359"
    },
    {
        "type": "message",
        "subtype": "file_share",
        "text": "<@U4TNKSGCE|bernardo_pereira> uploaded a file: <https:\/\/remc17white.slack.com\/files\/bernardo_pereira\/F54PGV1D5\/Paper_Structure.md|Paper Structure>",
        "file": {
            "id": "F54PGV1D5",
            "created": 1493099777,
            "timestamp": 1493099777,
            "name": "Paper_Structure.md",
            "title": "Paper Structure",
            "mimetype": "text\/plain",
            "filetype": "markdown",
            "pretty_type": "Markdown (raw)",
            "user": "U4TNKSGCE",
            "editable": true,
            "size": 1549,
            "mode": "snippet",
            "is_external": false,
            "external_type": "",
            "is_public": true,
            "public_url_shared": false,
            "display_as_bot": false,
            "username": "",
            "url_private": "https:\/\/files.slack.com\/files-pri\/T4S0WCDQ8-F54PGV1D5\/Paper_Structure.md?t=xoxe-162030421824-185382731222-185401705175-2e570a4850",
            "url_private_download": "https:\/\/files.slack.com\/files-pri\/T4S0WCDQ8-F54PGV1D5\/download\/Paper_Structure.md?t=xoxe-162030421824-185382731222-185401705175-2e570a4850",
            "permalink": "https:\/\/remc17white.slack.com\/files\/bernardo_pereira\/F54PGV1D5\/Paper_Structure.md",
            "permalink_public": "https:\/\/slack-files.com\/T4S0WCDQ8-F54PGV1D5-6b725e6866",
            "edit_link": "https:\/\/remc17white.slack.com\/files\/bernardo_pereira\/F54PGV1D5\/Paper_Structure.md\/edit",
            "preview": "Title\r\n-----\r\n\"Difference between sentiments towards a commun topic in the distinguished social networks\"\r\nTopics\r\n------\r",
            "preview_highlight": "<div class=\"CodeMirror cm-s-default CodeMirrorServer\" oncopy=\"if(event.clipboardData){event.clipboardData.setData('text\/plain',window.getSelection().toString().replace(\/\\u200b\/g,''));event.preventDefault();event.stopPropagation();}\">\n<div class=\"CodeMirror-code\">\n<div><pre>Title<\/pre><\/div>\n<div><pre><span class=\"cm-header cm-header-2\">-----<\/span><\/pre><\/div>\n<div><pre>&quot;Difference between sentiments towards a commun topic in the distinguished social networks&quot;<\/pre><\/div>\n<div><pre>Topics<\/pre><\/div>\n<div><pre><span class=\"cm-header cm-header-2\">------<\/span><\/pre><\/div>\n<\/div>\n<\/div>\n",
            "lines": 40,
            "lines_more": 35,
            "preview_is_truncated": true,
            "channels": [
                "C4TCA431C"
            ],
            "groups": [],
            "ims": [],
            "comments_count": 0
        },
        "user": "U4TNKSGCE",
        "upload": true,
        "display_as_bot": false,
        "username": "bernardo_pereira",
        "bot_id": null,
        "ts": "1493099777.184915"
    },
    {
        "type": "message",
        "user": "U4TNKSGCE",
        "text": "It's a start for discussing what to do about writing the paper",
        "ts": "1493099833.193608"
    }
]