[
    {
        "user": "U4TNKSGCE",
        "text": "<@U4TNKSGCE|bernardo_pereira> has joined the channel",
        "type": "message",
        "subtype": "channel_join",
        "ts": "1491030445.772164"
    },
    {
        "type": "message",
        "user": "U4TNKSGCE",
        "text": "<@U4SNUDGMS> is it possible with this app consume the api automatically or do you have always to access this webpage to get the information?",
        "ts": "1491051451.023907"
    },
    {
        "type": "message",
        "user": "U4TNKSGCE",
        "text": "Also, it seems that you need to know a profile for getting its information. So, it means if we want to gather a big number of different messages from different people, we need a list of users to inserted in this app. Isn't it?",
        "ts": "1491051657.040004"
    },
    {
        "type": "message",
        "user": "U4TNKSGCE",
        "text": "It seems not practical at a first glance",
        "ts": "1491051675.041377"
    }
]