[
    {
        "user": "U4SNUDGMS",
        "text": "<@U4SNUDGMS|lupu60> has joined the channel",
        "type": "message",
        "subtype": "channel_join",
        "ts": "1490971009.728513"
    },
    {
        "user": "U4SL0R6TV",
        "text": "<@U4SL0R6TV|paul-modran> has joined the channel",
        "type": "message",
        "subtype": "channel_join",
        "ts": "1490972007.031970"
    },
    {
        "user": "U4S3THCBB",
        "text": "<@U4S3THCBB|benjamin> has joined the channel",
        "type": "message",
        "subtype": "channel_join",
        "ts": "1490977040.577268"
    },
    {
        "user": "U4TKAE4CW",
        "text": "<@U4TKAE4CW|juni> has joined the channel",
        "type": "message",
        "subtype": "channel_join",
        "ts": "1490994039.023816"
    }
]