[
    {
        "id": "C4TCA431C",
        "name": "general",
        "created": "1490971009",
        "creator": "U4SNUDGMS",
        "is_archived": false,
        "is_general": true,
        "members": [
            "U4S3THCBB",
            "U4SL0R6TV",
            "U4SNUDGMS",
            "U4TKAE4CW",
            "U4TNKSGCE",
            "U4VENVB4Y"
        ],
        "topic": {
            "value": "Company-wide announcements and work-based matters",
            "creator": "",
            "last_set": "0"
        },
        "purpose": {
            "value": "This channel is for team-wide communication and announcements. All team members are in this channel.",
            "creator": "",
            "last_set": "0"
        }
    },
    {
        "id": "C5DASFRKQ",
        "name": "germany",
        "created": "1494573133",
        "creator": "U4TNKSGCE",
        "is_archived": false,
        "is_general": false,
        "members": [
            "U4S3THCBB",
            "U4TKAE4CW",
            "U4TNKSGCE"
        ],
        "topic": {
            "value": "",
            "creator": "",
            "last_set": "0"
        },
        "purpose": {
            "value": "Germany Team Gossip",
            "creator": "U4TNKSGCE",
            "last_set": "1494573134"
        }
    },
    {
        "id": "C4SNUDP5J",
        "name": "random",
        "created": "1490971009",
        "creator": "U4SNUDGMS",
        "is_archived": false,
        "is_general": false,
        "members": [
            "U4S3THCBB",
            "U4SL0R6TV",
            "U4SNUDGMS",
            "U4TKAE4CW",
            "U4TNKSGCE",
            "U4VENVB4Y"
        ],
        "topic": {
            "value": "Non-work banter and water cooler conversation",
            "creator": "",
            "last_set": "0"
        },
        "purpose": {
            "value": "A place for non-work-related flimflam, faffing, hodge-podge or jibber-jabber you'd prefer to keep out of more focused work-related channels.",
            "creator": "",
            "last_set": "0"
        }
    }
]