[
    {
        "id": "U4S3THCBB",
        "team_id": "T4S0WCDQ8",
        "name": "benjamin",
        "deleted": false,
        "color": "e7392d",
        "real_name": "Benjamin Chi",
        "tz": "Europe\/Amsterdam",
        "tz_label": "Central European Summer Time",
        "tz_offset": 7200,
        "profile": {
            "first_name": "Benjamin",
            "last_name": "Chi",
            "avatar_hash": "gd613633b5b7",
            "real_name": "Benjamin Chi",
            "real_name_normalized": "Benjamin Chi",
            "image_24": "https:\/\/secure.gravatar.com\/avatar\/d613633b5b77db7e7daf37ad01b18517.jpg?s=24&d=https%3A%2F%2Ffst.slack-edge.com%2F0180%2Fimg%2Favatars%2Fava_0003-24.png",
            "image_32": "https:\/\/secure.gravatar.com\/avatar\/d613633b5b77db7e7daf37ad01b18517.jpg?s=32&d=https%3A%2F%2Ffst.slack-edge.com%2F66f9%2Fimg%2Favatars%2Fava_0003-32.png",
            "image_48": "https:\/\/secure.gravatar.com\/avatar\/d613633b5b77db7e7daf37ad01b18517.jpg?s=48&d=https%3A%2F%2Ffst.slack-edge.com%2F66f9%2Fimg%2Favatars%2Fava_0003-48.png",
            "image_72": "https:\/\/secure.gravatar.com\/avatar\/d613633b5b77db7e7daf37ad01b18517.jpg?s=72&d=https%3A%2F%2Ffst.slack-edge.com%2F66f9%2Fimg%2Favatars%2Fava_0003-72.png",
            "image_192": "https:\/\/secure.gravatar.com\/avatar\/d613633b5b77db7e7daf37ad01b18517.jpg?s=192&d=https%3A%2F%2Ffst.slack-edge.com%2F7fa9%2Fimg%2Favatars%2Fava_0003-192.png",
            "image_512": "https:\/\/secure.gravatar.com\/avatar\/d613633b5b77db7e7daf37ad01b18517.jpg?s=512&d=https%3A%2F%2Ffst.slack-edge.com%2F7fa9%2Fimg%2Favatars%2Fava_0003-512.png",
            "fields": null
        },
        "is_admin": false,
        "is_owner": false,
        "is_primary_owner": false,
        "is_restricted": false,
        "is_ultra_restricted": false,
        "is_bot": false,
        "updated": 1490977040
    },
    {
        "id": "U4TNKSGCE",
        "team_id": "T4S0WCDQ8",
        "name": "bernardo_pereira",
        "deleted": false,
        "color": "674b1b",
        "real_name": "Bernardo Pereira",
        "tz": "Europe\/Amsterdam",
        "tz_label": "Central European Summer Time",
        "tz_offset": 7200,
        "profile": {
            "first_name": "Bernardo",
            "last_name": "Pereira",
            "avatar_hash": "g077da50a2f3",
            "real_name": "Bernardo Pereira",
            "real_name_normalized": "Bernardo Pereira",
            "image_24": "https:\/\/secure.gravatar.com\/avatar\/077da50a2f3e0aee610e8e75fab6ab65.jpg?s=24&d=https%3A%2F%2Ffst.slack-edge.com%2F66f9%2Fimg%2Favatars%2Fava_0026-24.png",
            "image_32": "https:\/\/secure.gravatar.com\/avatar\/077da50a2f3e0aee610e8e75fab6ab65.jpg?s=32&d=https%3A%2F%2Ffst.slack-edge.com%2F0180%2Fimg%2Favatars%2Fava_0026-32.png",
            "image_48": "https:\/\/secure.gravatar.com\/avatar\/077da50a2f3e0aee610e8e75fab6ab65.jpg?s=48&d=https%3A%2F%2Ffst.slack-edge.com%2F272a%2Fimg%2Favatars%2Fava_0026-48.png",
            "image_72": "https:\/\/secure.gravatar.com\/avatar\/077da50a2f3e0aee610e8e75fab6ab65.jpg?s=72&d=https%3A%2F%2Ffst.slack-edge.com%2F66f9%2Fimg%2Favatars%2Fava_0026-72.png",
            "image_192": "https:\/\/secure.gravatar.com\/avatar\/077da50a2f3e0aee610e8e75fab6ab65.jpg?s=192&d=https%3A%2F%2Ffst.slack-edge.com%2F7fa9%2Fimg%2Favatars%2Fava_0026-192.png",
            "image_512": "https:\/\/secure.gravatar.com\/avatar\/077da50a2f3e0aee610e8e75fab6ab65.jpg?s=512&d=https%3A%2F%2Ffst.slack-edge.com%2F7fa9%2Fimg%2Favatars%2Fava_0026-512.png",
            "fields": null
        },
        "is_admin": false,
        "is_owner": false,
        "is_primary_owner": false,
        "is_restricted": false,
        "is_ultra_restricted": false,
        "is_bot": false,
        "updated": 1491030445
    },
    {
        "id": "U4TKAE4CW",
        "team_id": "T4S0WCDQ8",
        "name": "juni",
        "deleted": false,
        "color": "3c989f",
        "real_name": "Muhammad Junaid",
        "tz": "Europe\/Amsterdam",
        "tz_label": "Central European Summer Time",
        "tz_offset": 7200,
        "profile": {
            "first_name": "Muhammad",
            "last_name": "Junaid",
            "avatar_hash": "g62bb4e18a2b",
            "real_name": "Muhammad Junaid",
            "real_name_normalized": "Muhammad Junaid",
            "image_24": "https:\/\/secure.gravatar.com\/avatar\/62bb4e18a2bac0b8522910177fac53b1.jpg?s=24&d=https%3A%2F%2Ffst.slack-edge.com%2F66f9%2Fimg%2Favatars%2Fava_0000-24.png",
            "image_32": "https:\/\/secure.gravatar.com\/avatar\/62bb4e18a2bac0b8522910177fac53b1.jpg?s=32&d=https%3A%2F%2Ffst.slack-edge.com%2F66f9%2Fimg%2Favatars%2Fava_0000-32.png",
            "image_48": "https:\/\/secure.gravatar.com\/avatar\/62bb4e18a2bac0b8522910177fac53b1.jpg?s=48&d=https%3A%2F%2Ffst.slack-edge.com%2F66f9%2Fimg%2Favatars%2Fava_0000-48.png",
            "image_72": "https:\/\/secure.gravatar.com\/avatar\/62bb4e18a2bac0b8522910177fac53b1.jpg?s=72&d=https%3A%2F%2Ffst.slack-edge.com%2F66f9%2Fimg%2Favatars%2Fava_0000-72.png",
            "image_192": "https:\/\/secure.gravatar.com\/avatar\/62bb4e18a2bac0b8522910177fac53b1.jpg?s=192&d=https%3A%2F%2Ffst.slack-edge.com%2F7fa9%2Fimg%2Favatars%2Fava_0000-192.png",
            "image_512": "https:\/\/secure.gravatar.com\/avatar\/62bb4e18a2bac0b8522910177fac53b1.jpg?s=512&d=https%3A%2F%2Ffst.slack-edge.com%2F7fa9%2Fimg%2Favatars%2Fava_0000-512.png",
            "fields": null
        },
        "is_admin": false,
        "is_owner": false,
        "is_primary_owner": false,
        "is_restricted": false,
        "is_ultra_restricted": false,
        "is_bot": false,
        "updated": 1490994039
    },
    {
        "id": "U4SNUDGMS",
        "team_id": "T4S0WCDQ8",
        "name": "lupu60",
        "deleted": false,
        "color": "9f69e7",
        "real_name": "Bogdan Lupu",
        "tz": "Europe\/Athens",
        "tz_label": "Eastern European Summer Time",
        "tz_offset": 10800,
        "profile": {
            "first_name": "Bogdan",
            "last_name": "Lupu",
            "avatar_hash": "g3f22f55bbce",
            "real_name": "Bogdan Lupu",
            "real_name_normalized": "Bogdan Lupu",
            "image_24": "https:\/\/secure.gravatar.com\/avatar\/3f22f55bbce031f198989e0e72e52a0d.jpg?s=24&d=https%3A%2F%2Ffst.slack-edge.com%2F66f9%2Fimg%2Favatars%2Fava_0010-24.png",
            "image_32": "https:\/\/secure.gravatar.com\/avatar\/3f22f55bbce031f198989e0e72e52a0d.jpg?s=32&d=https%3A%2F%2Ffst.slack-edge.com%2F66f9%2Fimg%2Favatars%2Fava_0010-32.png",
            "image_48": "https:\/\/secure.gravatar.com\/avatar\/3f22f55bbce031f198989e0e72e52a0d.jpg?s=48&d=https%3A%2F%2Ffst.slack-edge.com%2F66f9%2Fimg%2Favatars%2Fava_0010-48.png",
            "image_72": "https:\/\/secure.gravatar.com\/avatar\/3f22f55bbce031f198989e0e72e52a0d.jpg?s=72&d=https%3A%2F%2Ffst.slack-edge.com%2F66f9%2Fimg%2Favatars%2Fava_0010-72.png",
            "image_192": "https:\/\/secure.gravatar.com\/avatar\/3f22f55bbce031f198989e0e72e52a0d.jpg?s=192&d=https%3A%2F%2Ffst.slack-edge.com%2F7fa9%2Fimg%2Favatars%2Fava_0010-192.png",
            "image_512": "https:\/\/secure.gravatar.com\/avatar\/3f22f55bbce031f198989e0e72e52a0d.jpg?s=512&d=https%3A%2F%2Ffst.slack-edge.com%2F7fa9%2Fimg%2Favatars%2Fava_0010-512.png",
            "fields": null
        },
        "is_admin": true,
        "is_owner": true,
        "is_primary_owner": true,
        "is_restricted": false,
        "is_ultra_restricted": false,
        "is_bot": false,
        "updated": 1490971009
    },
    {
        "id": "U4SL0R6TV",
        "team_id": "T4S0WCDQ8",
        "name": "paul-modran",
        "deleted": false,
        "color": "4bbe2e",
        "real_name": "Paul Modran",
        "tz": "Europe\/Athens",
        "tz_label": "Eastern European Summer Time",
        "tz_offset": 10800,
        "profile": {
            "first_name": "Paul",
            "last_name": "Modran",
            "avatar_hash": "g7c89e903b60",
            "real_name": "Paul Modran",
            "real_name_normalized": "Paul Modran",
            "image_24": "https:\/\/secure.gravatar.com\/avatar\/7c89e903b60d484fba8c1d459f32218a.jpg?s=24&d=https%3A%2F%2Ffst.slack-edge.com%2F0180%2Fimg%2Favatars%2Fava_0021-24.png",
            "image_32": "https:\/\/secure.gravatar.com\/avatar\/7c89e903b60d484fba8c1d459f32218a.jpg?s=32&d=https%3A%2F%2Ffst.slack-edge.com%2F66f9%2Fimg%2Favatars%2Fava_0021-32.png",
            "image_48": "https:\/\/secure.gravatar.com\/avatar\/7c89e903b60d484fba8c1d459f32218a.jpg?s=48&d=https%3A%2F%2Ffst.slack-edge.com%2F3654%2Fimg%2Favatars%2Fava_0021-48.png",
            "image_72": "https:\/\/secure.gravatar.com\/avatar\/7c89e903b60d484fba8c1d459f32218a.jpg?s=72&d=https%3A%2F%2Ffst.slack-edge.com%2F66f9%2Fimg%2Favatars%2Fava_0021-72.png",
            "image_192": "https:\/\/secure.gravatar.com\/avatar\/7c89e903b60d484fba8c1d459f32218a.jpg?s=192&d=https%3A%2F%2Ffst.slack-edge.com%2F7fa9%2Fimg%2Favatars%2Fava_0021-192.png",
            "image_512": "https:\/\/secure.gravatar.com\/avatar\/7c89e903b60d484fba8c1d459f32218a.jpg?s=512&d=https%3A%2F%2Ffst.slack-edge.com%2F7fa9%2Fimg%2Favatars%2Fava_0021-512.png",
            "fields": null
        },
        "is_admin": false,
        "is_owner": false,
        "is_primary_owner": false,
        "is_restricted": false,
        "is_ultra_restricted": false,
        "is_bot": false,
        "updated": 1490972007
    },
    {
        "id": "U4VENVB4Y",
        "team_id": "T4S0WCDQ8",
        "name": "sandudiana5",
        "deleted": false,
        "color": "e96699",
        "real_name": "Sandu Diana",
        "tz": "Europe\/Athens",
        "tz_label": "Eastern European Summer Time",
        "tz_offset": 10800,
        "profile": {
            "first_name": "Sandu",
            "last_name": "Diana",
            "avatar_hash": "gc5bd75e4877",
            "real_name": "Sandu Diana",
            "real_name_normalized": "Sandu Diana",
            "image_24": "https:\/\/secure.gravatar.com\/avatar\/c5bd75e48776846b14c66d198e2b5218.jpg?s=24&d=https%3A%2F%2Ffst.slack-edge.com%2F0180%2Fimg%2Favatars%2Fava_0004-24.png",
            "image_32": "https:\/\/secure.gravatar.com\/avatar\/c5bd75e48776846b14c66d198e2b5218.jpg?s=32&d=https%3A%2F%2Ffst.slack-edge.com%2F66f9%2Fimg%2Favatars%2Fava_0004-32.png",
            "image_48": "https:\/\/secure.gravatar.com\/avatar\/c5bd75e48776846b14c66d198e2b5218.jpg?s=48&d=https%3A%2F%2Ffst.slack-edge.com%2F66f9%2Fimg%2Favatars%2Fava_0004-48.png",
            "image_72": "https:\/\/secure.gravatar.com\/avatar\/c5bd75e48776846b14c66d198e2b5218.jpg?s=72&d=https%3A%2F%2Ffst.slack-edge.com%2F66f9%2Fimg%2Favatars%2Fava_0004-72.png",
            "image_192": "https:\/\/secure.gravatar.com\/avatar\/c5bd75e48776846b14c66d198e2b5218.jpg?s=192&d=https%3A%2F%2Ffst.slack-edge.com%2F7fa9%2Fimg%2Favatars%2Fava_0004-192.png",
            "image_512": "https:\/\/secure.gravatar.com\/avatar\/c5bd75e48776846b14c66d198e2b5218.jpg?s=512&d=https%3A%2F%2Ffst.slack-edge.com%2F7fa9%2Fimg%2Favatars%2Fava_0004-512.png",
            "fields": null
        },
        "is_admin": false,
        "is_owner": false,
        "is_primary_owner": false,
        "is_restricted": false,
        "is_ultra_restricted": false,
        "is_bot": false,
        "updated": 1491579210
    }
]