[
    {
        "user": "U4TNKSGCE",
        "text": "<@U4TNKSGCE|bernardo_pereira> has joined the channel",
        "type": "message",
        "subtype": "channel_join",
        "ts": "1494573133.519940"
    },
    {
        "user": "U4TNKSGCE",
        "purpose": "Germany Team Gossip",
        "text": "<@U4TNKSGCE|bernardo_pereira> set the channel purpose: Germany Team Gossip",
        "type": "message",
        "subtype": "channel_purpose",
        "ts": "1494573133.520007"
    },
    {
        "user": "U4S3THCBB",
        "inviter": "U4TNKSGCE",
        "text": "<@U4S3THCBB|benjamin> has joined the channel",
        "type": "message",
        "subtype": "channel_join",
        "ts": "1494573133.520011"
    },
    {
        "user": "U4TKAE4CW",
        "inviter": "U4TNKSGCE",
        "text": "<@U4TKAE4CW|juni> has joined the channel",
        "type": "message",
        "subtype": "channel_join",
        "ts": "1494573134.520018"
    },
    {
        "type": "message",
        "user": "U4TNKSGCE",
        "text": "Guys, I forgot my phone so I'm out whatsapp. If you need something, just let me know here on slack",
        "ts": "1494573180.525735"
    },
    {
        "type": "message",
        "user": "U4TNKSGCE",
        "text": "I'm doing my best to make the introduction more edible and digestible",
        "ts": "1494573476.563699"
    },
    {
        "type": "message",
        "user": "U4TNKSGCE",
        "text": "Please, can you all check if the rest of the paper makes sense?",
        "ts": "1494573722.594722"
    },
    {
        "type": "message",
        "user": "U4S3THCBB",
        "text": "Ok alright, I will read the rest of the paper",
        "ts": "1494574278.671327"
    },
    {
        "type": "message",
        "user": "U4S3THCBB",
        "text": "I have cheked the paper, and it makes sense to me. I have added some comments as kind of suggestions",
        "ts": "1494590032.125406"
    },
    {
        "type": "message",
        "user": "U4TNKSGCE",
        "text": "Benjamin, I forgot to tell you I was tweaking your part and I didn't finished",
        "ts": "1494594379.883615"
    },
    {
        "type": "message",
        "user": "U4TNKSGCE",
        "text": "Thanks for the comments",
        "ts": "1494594383.884461"
    }
]